	gt	ms_total	s0	s1	s2	s3	s4	s5	s6	s7	s8	s9	s10	s11	s12	s13
0	9	0.20865717727681704	0.004504569110177988	0.001386709862443582	0.0020146514416763384	0.003064711369297983	0.004397161038872941	0.006589620358336629	0.007750815906060039	0.013698933041658774	0.019557410828833912	0.04274680352645175	0.016963138530975422	0.045259113259860734	0.04072353900217095	0.0
1	58	0.11654396853141313	0.004664914897390348	0.002150516438756512	0.0029182425630633366	0.004086446657516396	0.005226066542362488	0.007921054527969481	0.008600553512239865	0.013422272982737616	0.015354853786189369	0.02367417605849518	0.00526809764534271	0.016790310909496786	0.006466462009853053	0.0
2	47	0.08140286831299806	0.005592002123331236	0.0016711263158752103	0.002136576511850971	0.0027951192349115624	0.0034832065837761914	0.005370917645327903	0.0057839640136556954	0.008514223318225406	0.011436253888981658	0.016452923101192837	0.00061421983018283	0.012173104448257161	0.005379231297429393	0.0
3	46	0.16684638857045056	0.005997741625126601	0.002557138937608608	0.003026938859404091	0.004215433857616274	0.005847713574791654	0.00935677073865766	0.01049229197668626	0.018583783921164165	0.024507987340248116	0.04451444798687763	0.012167779214236722	0.019231808495796157	0.006346552042236636	0.0
4	79	0.1277815631231726	0.008915577011051778	0.0034342939073006527	0.003983209326238119	0.0049449379740126006	0.005786761560864507	0.008166480525772369	0.008325391008863307	0.012483440919814903	0.015051497855707117	0.023123700035777007	0.004239994595208909	0.026793077291849467	0.0025332011107118803	0.0
5	48	0.14961880759566049	0.007494772785879129	0.004343872451889453	0.005602269831638085	0.007608310022309267	0.009230337031401893	0.012866113359110011	0.013319827587967924	0.020182584544196278	0.01965378712309803	0.026193333613903955	0.004083449734060758	0.012272084420057498	0.006768065090148193	0.0
6	63	0.21886027935219443	0.005426664993717736	0.0021820574680057954	0.0032956236661510485	0.004944380799469294	0.0065938934803133654	0.009035592677890626	0.009656230497167073	0.01520134086073251	0.017682217896236092	0.03496167314981556	0.011632821942668263	0.04590074549629113	0.05234703642373596	0.0
7	40	0.17130242017060474	0.0050933494881554575	0.002737395377989764	0.003384490037419062	0.0041188005041091534	0.004701719490252433	0.006729173614960822	0.0078087304363503324	0.01377683048414705	0.014894444364716874	0.027232750639031796	0.010974606163409964	0.03535231210722049	0.034497817462841536	0.0
8	45	0.19346155019680683	0.012378208013273856	0.0054533544376579625	0.006193741675777555	0.008285072051143639	0.010587680625562866	0.015340306757977517	0.016762768340338876	0.026492500564383736	0.022091395977019396	0.03295325212738925	0.010386264391125648	0.023631708714120805	0.002905296521035701	0.0
9	43	0.13876805513877383	0.005707411112760441	0.0019973462854745217	0.0022877732656865772	0.002757377922179607	0.0032897874501921958	0.004711278162181822	0.0045493314620378466	0.007052228350120391	0.011742221733243977	0.028147627826375334	0.011037861810657251	0.04823008818076027	0.007257721577103594	0.0
10	54	0.10796806467295873	0.007121620379088809	0.0039322980269142355	0.005494160405036003	0.007722498885501996	0.009300764372337575	0.0110668246541369	0.009014841241633268	0.011358514256643564	0.012376305407060735	0.015349968494245414	0.0008705066645758406	0.01267583657665702	0.001683925309127365	0.0
11	20	0.15343179148428357	0.0038973717858498307	0.0015254619065715545	0.002279717138283639	0.0034515340589166355	0.0046923346097725365	0.007465378526802999	0.009058652811047242	0.0180897012980645	0.02110480334765043	0.035335627141823533	0.00903191933176511	0.03243161687590319	0.005067672651832375	0.0
12	14	0.0826583871276244	0.007615481426833298	0.0014126152339581472	0.0012634711086630794	0.0013202531346551928	0.001494164147163522	0.0025317555720080357	0.0027582107607921676	0.0037004187956442757	0.009074383137223486	0.014618416576727033	0.0034295868051785797	0.019238201398522288	0.014201429030255286	0.0
13	45	0.2009562290531341	0.016405074973118685	0.011315747524950587	0.013915259309698728	0.01625236649373364	0.018099851280730297	0.016927462952361392	0.009249107309880676	0.010021992728451737	0.011529635931231626	0.022247379233580205	0.007786807636381378	0.03247454573399555	0.0147309979450196	0.0
14	58	0.1103880587506561	0.01866324524454466	0.010054164286035012	0.011181681743945	0.013380561995444537	0.012145456395322742	0.009081527871857972	0.006126533290728138	0.0073587521104524125	0.00722741082483817	0.007846399053791975	0.0014351042050145106	0.004983352271047848	0.000903869457633112	0.0
15	65	0.10681845430910056	0.00778550657730263	0.0027978421064731025	0.003076254282103931	0.00333068516678836	0.0035101417948628704	0.004827699420727716	0.004351847442754388	0.0060817606663425075	0.010676345907763972	0.02073467968987123	0.004342397479567994	0.024757935528737757	0.010545358245804092	0.0
16	18	0.05211169543904415	0.018737753772955813	0.005079214418939089	0.00361304646933919	0.0029832834443299415	0.002493224760576503	0.002668714983960719	0.0018736160889280622	0.000947817908142965	0.0038596876066301815	0.002613075859028247	0.004910274113099219	0.0021994024682308226	0.00013258354488339334	0.0
17	69	0.15464145728354908	0.005345023544326193	0.0024135488798319184	0.003623875051231235	0.005836470933200631	0.00817389987117042	0.012352152983988432	0.013119281224648043	0.019096170825140396	0.017650370370351397	0.02648840986888916	0.007837163115488797	0.027959248897367325	0.004745841717915123	0.0
18	52	0.24502298155077717	0.007334846928740353	0.003431696597826042	0.005101429926732495	0.008837978934813126	0.008706502702932073	0.011113449517410171	0.011858526907937851	0.020966735449753582	0.025887896050568904	0.058663118701181294	0.022511679862993853	0.037149719339227075	0.023459400630660335	0.0
19	45	0.16564966541362708	0.005197848006614619	0.0018794206952458172	0.0026881738873623857	0.004160008819010115	0.006115907383170796	0.010042899285416466	0.010965706254111765	0.02023361650673501	0.02537348956881777	0.03796583636250206	0.007292933212231664	0.019581416588864333	0.014152408843544264	0.0
20	71	0.24171950387164134	0.006629206837559911	0.004004496536088681	0.0058877044049618285	0.008880496155189418	0.011786201153125307	0.016503090983840205	0.017198824754536744	0.028004711558322015	0.02910345009764173	0.05522209850752245	0.018729773042663593	0.032701334078327954	0.007068115761861522	0.0
21	38	0.13508258316488772	0.004248669813344671	0.0018065267871531486	0.0022173229955086324	0.0029757916819536014	0.0037623254807250964	0.005787018732487201	0.006205233186863671	0.010469204004644829	0.013063499795850196	0.02526898991487956	0.010699966249235714	0.028472104262708443	0.02010593025953296	0.0
22	56	0.15487930390196464	0.006376243603431076	0.002556569176259827	0.003417777077126304	0.004841327709662875	0.006223394927959244	0.00922850812395179	0.010263470803962147	0.018102473361780863	0.02159235944835878	0.03428801116556133	0.007621160972064228	0.024960687418239594	0.005407320113606579	0.0
23	39	0.26758033692335703	0.005818889164289389	0.002170778093135381	0.0028866800349902763	0.004153790138418897	0.00569528592156681	0.009311518394983623	0.010954796926864132	0.020340928667513473	0.028543906577601336	0.0619189291470718	0.02083928347691289	0.05204543686969336	0.04290011351031565	0.0
24	41	0.1423003338558998	0.0053531930464419215	0.002394544365980703	0.00397706763638155	0.006886901881182202	0.008650986553608872	0.01028200093897176	0.008434336714535064	0.011128755141352743	0.015171373849721777	0.031967831743338934	0.008946618073423382	0.02293701421942889	0.006169709691531989	0.0
25	50	0.06473478316291278	0.005203232433822168	0.001256385103737371	0.0013846485507925722	0.0015672350448436467	0.001699391563514569	0.0026433060067475697	0.0028008321874061163	0.0033767417147638566	0.007516018568103952	0.013700371156595	0.0036875293830539446	0.01742281472366452	0.0024762767258675045	0.0
26	25	0.18668999204313008	0.00506592759932722	0.0016724091221918466	0.0022451314907635895	0.003302798150883271	0.004617561968719553	0.007524742452002159	0.008712299657851405	0.014804937090705402	0.01905828984323184	0.03756215095022072	0.011769473873180596	0.042223648900987676	0.028130620943064795	0.0
27	43	0.19083234947351352	0.004552237910868201	0.0013139198460094545	0.0020031999311077076	0.0032905257417749356	0.005148939909096149	0.010421486071320466	0.014379800749929051	0.024963958002388965	0.02679658113294578	0.04139902440720643	0.009295991139998648	0.023853529844249877	0.023413154786617867	0.0
28	24	0.10773847157270117	0.013019431428972963	0.0061288869518226	0.006259010882997837	0.006388153753664435	0.005781722354706361	0.006268541615529144	0.005395383332479667	0.007131353758086274	0.009505359151216794	0.017212522682089688	0.0035232468413540705	0.017319069938281133	0.0038057888815001967	0.0
29	56	0.1522915879832603	0.018542173283289744	0.006346534308056704	0.005762222617469849	0.0064279326816992725	0.0071189985756596385	0.008929853564587961	0.008043431981269734	0.011459860702126904	0.013932800169154864	0.02373538837590192	0.004501333438791695	0.021564720330572044	0.015926337954679994	0.0
30	89	0.15888970352416648	0.007444543209278679	0.004825619042295676	0.006995986117820353	0.009946499991202895	0.01194175367952427	0.01541305069884991	0.014897568428585906	0.023331772430363776	0.02301403448237637	0.02569726166044813	0.002553109839137941	0.010373125927291397	0.002455378016991173	0.0
31	44	0.15750702208525125	0.005060440847890781	0.0019193710822327696	0.002728029886369682	0.0035571968735593224	0.004093466257235994	0.0060700160319693075	0.006655262399049197	0.010807238190554581	0.014934930217935193	0.030753351627023563	0.011035177340209937	0.04414171613951845	0.01575082519170246	0.0
32	28	0.10921904380881407	0.003915497144492786	0.0024030113066578944	0.003179845400093544	0.004434269257999674	0.005888994421123445	0.008714562021110157	0.008842541099474317	0.01348044199241999	0.013428765399217151	0.02043245606358616	0.005762916682373515	0.013108405308609704	0.005627337711655736	0.0
33	70	0.1155189290530648	0.023839319900164593	0.011654412043796376	0.009720599512416609	0.008166925349156709	0.007170704574280101	0.007666462494578658	0.006153082717317505	0.007571855341384286	0.009210922532095048	0.010728696695057051	0.0017434395850145573	0.009591212906011047	0.002301295401792267	0.0
34	35	0.12455779811469958	0.0050028069646358645	0.0012299655863906847	0.0017605154428243402	0.002542673707649822	0.003261794461455426	0.004642047538779881	0.005170854053313209	0.008373457174011351	0.012080531158564823	0.02501931996124693	0.0073808294267646915	0.043267690087695154	0.004825312551367412	0.0
35	56	0.13687575515046002	0.019067998659750462	0.011551058898149485	0.01194676512641373	0.011983612182117073	0.010516422444826957	0.010863711393717588	0.008744706088487078	0.010108186333609201	0.009630789634045525	0.013523750343732429	0.0021164725107634024	0.01083850689914245	0.005983774635704644	0.0
36	43	0.1397245274032404	0.009401519344964684	0.004088935714299626	0.004867245035266782	0.006254168235641478	0.007774283887767717	0.010201843203151421	0.009436627998801083	0.013047763412432078	0.014013453293620737	0.02699841710446583	0.006676410484146016	0.020275188923129357	0.006688670765553606	0.0
37	29	0.23746033337466865	0.012266369927993598	0.006790689646098261	0.007878496256512976	0.00947014401392301	0.011139361273637658	0.015666287805588375	0.015414924698508647	0.02343784692892345	0.02595126383137046	0.04923697809383165	0.016362634077920903	0.029024708795412857	0.014820628024946802	0.0
38	58	0.1763858820098757	0.0063740526880753864	0.0026283940511355117	0.003503101166281862	0.004901142937762266	0.006334637328676557	0.009713148549940065	0.010699329096920859	0.01817467241309062	0.021838689812240995	0.036523326171400666	0.009284780284571312	0.02616158239562142	0.0202490251141582	0.0
39	24	0.18466087610162368	0.007198185262833015	0.0026258470499135795	0.003278047410805812	0.0045439165166290315	0.005806740260622287	0.009129253868500687	0.009837931385270712	0.015295846092529522	0.021280321976067468	0.038382964856368634	0.0090641585743441	0.031069590576535785	0.02714807227120305	0.0
40	36	0.15794710314123245	0.007483094161391798	0.0027832898208502445	0.0038021820537934912	0.005554094640508971	0.007635197367690336	0.011594190972411836	0.012895847650188322	0.020878867012619935	0.019598821381289478	0.028723852333159106	0.0033198220545029855	0.02681996673956584	0.006857876953260106	0.0
41	82	0.14102521641333088	0.009568731277848672	0.005690479928620028	0.00704230345216122	0.008540046349363601	0.008716382380158094	0.010798745755669052	0.009769439959873545	0.012179183924634632	0.013919305699688949	0.02133183352174581	0.00385170625041733	0.020740865171072535	0.008876192742077401	0.0
42	74	0.15785316980195796	0.005962872433760563	0.0028641417343512644	0.0033888552906327033	0.004010731187444459	0.004303278341238207	0.0055375285448601395	0.005419363398689505	0.008596738341638205	0.012527208093947407	0.028312509471451683	0.00981784851390733	0.039330267272582625	0.027781827177453873	0.0
43	15	0.15187832159045328	0.004640233696193589	0.0011045611264623714	0.0018275670666727866	0.0029105589736539298	0.003919026941841319	0.005972171139805797	0.006393829593033057	0.010223974204588926	0.016039975902670763	0.03450017925637063	0.012727119612873976	0.03368310860614031	0.017936015470145825	0.0
44	23	0.12720936048622572	0.004646862049176569	0.0020905959149714846	0.0035408708264034403	0.005105623338524515	0.005955197185768009	0.008036589980500861	0.007483358068185723	0.010552282284620271	0.013185111625242565	0.02303704951545376	0.005077201320924844	0.028542529260711103	0.009956089115742563	0.0
45	56	0.1791239524629397	0.006505545828849586	0.003238172100136525	0.004360952195085716	0.006349031081231114	0.008539792369547966	0.012379423321809527	0.012396098785214242	0.018880916871296782	0.020055658509307416	0.0335189373102264	0.009892722809757388	0.029680264470686404	0.013326436809790617	0.0
46	72	0.10539952514781425	0.005233117258806656	0.002061081368654624	0.002436296793257478	0.003149269290683103	0.00401061522633638	0.006019238703741356	0.006367347142120849	0.010376579280627114	0.013053850888989015	0.02218608602635004	0.004837897261360349	0.02105557333377584	0.004612572573111446	0.0
47	57	0.1254134982884302	0.010329476409491093	0.006476635600311155	0.008105718999740125	0.009620329480668877	0.009619146231423365	0.010693876307428216	0.009333880095135593	0.012205768467028588	0.013339283737610237	0.017519203247775235	0.0010244929121595225	0.01416560676574025	0.0029800800339179444	0.0
48	39	0.1678618500590961	0.006037373301096334	0.0030170044322696274	0.003964313168368988	0.0056012153338717285	0.007193645322953168	0.01012093601769047	0.01015175659852724	0.01538608127731549	0.01804948897007398	0.03668115978340987	0.012844868638304086	0.033861929704821214	0.0049520775103939095	0.0
49	85	0.18132995539872093	0.007118330002125795	0.0036029667931225364	0.004652541871779078	0.0063974405985730565	0.008023865744930586	0.011392303449945613	0.01176219280221057	0.018394881498637404	0.01926145924633341	0.030694226126829552	0.008732274452625293	0.026226142482293636	0.02507133032931442	0.0
50	16	0.11714188689117089	0.011147367422269999	0.004627944453056188	0.00495757882752322	0.005501125937562396	0.0051280785131853825	0.0055637512513290795	0.0042957309657817465	0.005366863958968233	0.010255967853962426	0.01891050989437964	0.002956817989691739	0.024488684523484558	0.013941465299976287	0.0
51	73	0.17082808063953303	0.00455756398883454	0.0020908194705075767	0.002819267323207542	0.003935334581351222	0.005163474882440074	0.0078131487723028	0.008487257907264832	0.014739131090138184	0.018716859612919676	0.04005679369259136	0.013881043404083037	0.02978996832326935	0.018777417590622847	0.0
52	39	0.07410111528026911	0.005431748195412027	0.001447724057621351	0.0016393769221536751	0.0018818263898944406	0.0020503768436303882	0.0028418423109040046	0.0027208492392449867	0.003184477784035445	0.00656370069936936	0.010255648976515135	0.0018519803594499755	0.0173593484878901	0.016872215014148227	0.0
53	34	0.1750474564702683	0.0059408458462947445	0.002299980845280996	0.0032730108891369453	0.004790087036173609	0.006704776726779637	0.010112744266269338	0.010412488324845799	0.016272666890710417	0.02083454671704716	0.039522972483361694	0.01019640380330022	0.025091795211526963	0.019595137429540773	0.0
54	13	0.07987369496138871	0.007729893592885036	0.0026433509642384834	0.0028101513511790814	0.00310081793264069	0.0032536099145199907	0.004175681793865469	0.0038710755947511163	0.005249287417846254	0.0095615052062565	0.015223577988304121	0.002330104864651907	0.012598916715528794	0.007325721624721282	0.0
55	75	0.15361446182124072	0.009763124290292914	0.00525302951232366	0.006546240640616964	0.008701007815876974	0.010516386247607565	0.014310792521081906	0.013597537337953521	0.017256216142929513	0.015260302957929009	0.021971377600886008	0.0030565533720617313	0.014966761296513524	0.012415132085167428	0.0
56	68	0.18814781325984226	0.00506321249029279	0.0022694426229849943	0.003349901719864534	0.00508142482669834	0.007173170038265231	0.011350776681064743	0.012569432676257323	0.020936477177497005	0.024623183321040923	0.04563455162282967	0.013355576116642617	0.02976821822974255	0.006972445736661571	0.0
57	48	0.12357229995116992	0.008370291735069535	0.0038948906865851844	0.003979196647946116	0.00434315231795285	0.004771268438857255	0.006594533221139629	0.006728846554384162	0.009727051021364215	0.012624457064353889	0.02325556827774166	0.006309833653539377	0.023846271510902357	0.009126938821333681	0.0
58	62	0.2512443706842307	0.008476677187498168	0.0044086619547075365	0.0057508216525539	0.00794360313000478	0.010147506118119229	0.015415212600529117	0.017355631239760628	0.028923852309166276	0.03352182462237771	0.05176368160229362	0.01206099496586115	0.02984527355846813	0.025630629742890494	0.0
59	58	0.19407833064246954	0.009534123943838273	0.005093630824063191	0.005750349717823439	0.007159063615948763	0.008780632734426974	0.012437279868867258	0.012594631502581818	0.01877309788747971	0.021239976632336184	0.04041595332623557	0.012935806314113372	0.026094024111335056	0.013269760163419913	0.0
60	82	0.1887323245239513	0.010527051807731221	0.0061978853568425	0.008236775151734137	0.009767465671320448	0.009963628909440797	0.012868629914614748	0.011894652129840762	0.01625383267968139	0.017972469544258705	0.03595043684908016	0.011279443216777357	0.0297698439007772	0.008050209391851904	0.0
61	65	0.16022302297974955	0.005217368038998905	0.0016527836326119877	0.002752108342739767	0.004789173740486626	0.007058176611317591	0.011309853415338099	0.012140681310273734	0.01884805818863734	0.02030717287301797	0.033366190105058806	0.008933000548953282	0.029446755264257423	0.004401700908058027	0.0
62	54	0.21957381248478058	0.00933040182596346	0.004808211432299146	0.005404548442962171	0.005254777416177312	0.007702534387071174	0.014058898870672503	0.016955298002367912	0.027882882819168654	0.028093209230235013	0.04166066967142248	0.011061028185070727	0.027294649807191426	0.02006670239417859	0.0
63	35	0.06897233485194416	0.0051225057461638844	0.0030453041516255224	0.004029182120172068	0.004633972770078381	0.004220901670011297	0.004168107118551744	0.003414429271499409	0.004062644334868621	0.00628508711535437	0.011906254024617716	0.0026094294230974125	0.01012477433173973	0.005349742774164012	0.0
64	30	0.12393480469627167	0.01276785387107757	0.006841245365671732	0.007157001771513696	0.007737467400194274	0.007415450663160938	0.008288582532244296	0.007741077387300082	0.011065021196904109	0.01232209879561948	0.021293973909148	0.004124572553514543	0.015042528813722528	0.0021379304362004236	0.0
65	48	0.1904763744343872	0.009715426459415808	0.0043451134461418295	0.0032334851716406343	0.003801589340189527	0.004703940259961726	0.006957396569889099	0.007769130040809666	0.013578734370556688	0.018359756683537433	0.03798155530966802	0.013478137252460089	0.033984539026525235	0.03256757050359141	0.0
66	36	0.12823252228249443	0.005442742857814051	0.0018171567737597693	0.002619700631169191	0.0035276156650831097	0.004267104211630256	0.006320026691243439	0.007218196024092391	0.012354350685968202	0.014910244935740561	0.02646021385111312	0.006533234263522666	0.02159609792058243	0.01516583777077524	0.0
67	58	0.25068196693133293	0.00861501639946001	0.003519659425039767	0.004140132374023189	0.0055122853520311365	0.00688081957109735	0.010094981789328217	0.011317443209996203	0.01747682490211009	0.01936652124808066	0.035461891174694796	0.010833123601523834	0.05196682850624061	0.06549643937770708	0.0
68	40	0.23648133931023457	0.006326884413594899	0.0042091078546800595	0.00623426048373373	0.008592074285234952	0.0096750015068701	0.012429061888879794	0.011410565643295323	0.016046001900013825	0.019033308665295585	0.0390528323474279	0.016705361682302362	0.04504112070726191	0.041725757931644125	0.0
69	21	0.12062811977552085	0.0315988014424244	0.010701323686926455	0.007901160984598156	0.006578723833089415	0.005482842091512752	0.005727553328965541	0.00465067536212367	0.0057737997726342635	0.008426648665827144	0.013197995745552502	0.0010142367743384668	0.016816265779202713	0.002758092308325363	0.0
70	73	0.1612344436494937	0.006208253891112625	0.002588024689451099	0.0035132238111542594	0.005114025483346993	0.006949848717308308	0.010826854712739024	0.01200608325156051	0.01912731243592762	0.021702785479869122	0.036902325721101595	0.008814530387615	0.022153837764697676	0.005327337303609864	0.0
71	28	0.22656617445290417	0.004606616573609626	0.0017853864358012062	0.0024046204158776167	0.003408887376177042	0.004712023275940496	0.008047915910982363	0.010205805432658734	0.018814545401243936	0.024506716950376907	0.05113269457932486	0.018573679728547503	0.04989633974782122	0.028470942624542653	0.0
72	60	0.13963855444496226	0.004518806774220178	0.0016825878901089697	0.0021505723935249456	0.00272877307982189	0.0032123241628049647	0.005056726286376874	0.0061165547034730695	0.01058801718508598	0.013774206926457887	0.027453387517399844	0.009327013710344959	0.03145776167194626	0.021571822143396438	0.0
73	48	0.06862988641422792	0.0048823218413151515	0.0022765505851181297	0.002761479389541432	0.003427404711018103	0.004075366284369466	0.00525301143691455	0.005321647846970791	0.008704792466773623	0.00978111878440454	0.011851144108594246	0.0005210228481080303	0.00782757870111827	0.001946447409981592	0.0
74	54	0.17485618461386032	0.011507599816452708	0.004455575485312706	0.004402015999720979	0.004757673090925512	0.005172532697779401	0.0073024556142727605	0.007619551669005497	0.012644648697048391	0.017736563750209856	0.03624643865301069	0.013350193645727988	0.04144941353357075	0.008211521960823087	0.0
75	25	0.08071426746370929	0.005461400174733619	0.001313606847845867	0.001667615124987543	0.002131862800194774	0.0025744705244889724	0.004038606302483868	0.004270307090110212	0.005945230615703338	0.010158005593126436	0.017184077652771117	0.003179695701054924	0.018717100370079336	0.004072288666129281	0.0
76	57	0.08665920318369555	0.009695040659194996	0.0032180238372207254	0.003072697129064648	0.003496169317460992	0.003798813384507645	0.00469298687358944	0.004248662334207948	0.005759329898428018	0.008044383544437825	0.013900437524063902	0.002750045188951711	0.018805282687300306	0.00517733080526739	0.0
77	69	0.17498534191770332	0.007605492545647805	0.003271270008950663	0.0037861250843174614	0.004960993277940681	0.006218345233509467	0.008766318013828997	0.00902911848656366	0.015061011528560087	0.019838020637503707	0.043328188160066054	0.01543904662437428	0.027467970980118092	0.010213441336322366	0.0
78	81	0.20049596290760394	0.011661902525296	0.007172407292004364	0.008447005588074409	0.010047395295600198	0.010759879077330815	0.013831650075259848	0.013368675257156928	0.020088935707062605	0.021277424435606283	0.03951447962583379	0.014306141922729235	0.02686786132996996	0.0031522047756795046	0.0
79	64	0.14048848173021702	0.009823410054488637	0.004269576599096292	0.0046723667994075695	0.006063713375995197	0.007520557248850212	0.01112378442768834	0.012364512211433473	0.01906042940561108	0.017453447668824135	0.024793731619652565	0.00520168573486214	0.011476268460079812	0.006664998124227561	0.0
80	31	0.17275773780283832	0.004897708611252683	0.0014363304823505785	0.0022717347043046962	0.003600559533789482	0.004944659436960955	0.0073949536964777515	0.008144530640894558	0.013849791205972777	0.018790106271350256	0.03943570308314597	0.012784307659110532	0.03741212319389644	0.01779522928333166	0.0
81	28	0.14197539661797048	0.006030718055856664	0.002937163049611535	0.0042802346577485596	0.007030035209495704	0.010561306001934346	0.014754475089386012	0.01125302603946348	0.013401754720086062	0.014639931432367081	0.024162665950112495	0.0056276484276486976	0.01846155429132733	0.008834883692932534	0.0
82	17	0.09391681311768443	0.012952507626514318	0.004750171107202061	0.0045587740847511495	0.004349836837859329	0.0036375625958776706	0.003875410522013664	0.003001529869439263	0.0035895245219912074	0.0074479259396614365	0.013996650433915892	0.0022361620786105424	0.023814392532205665	0.0057063649676422235	0.0
83	39	0.13762019546206378	0.00817826243350724	0.003532140057706263	0.0044387737834777116	0.005529560457274903	0.006261749007935037	0.008908682619527538	0.008736541879378494	0.012777717156843893	0.014025063727476927	0.024581834624240212	0.006434247952742549	0.026364752565847083	0.007850869196105937	0.0
84	44	0.15849426261424457	0.005709506705646456	0.0030495546907679883	0.004048252632553116	0.005114277284996612	0.005522790996322024	0.006611512408864543	0.006209425957021626	0.009981598839047267	0.013203728990161373	0.025888748137929046	0.007430392042143312	0.033841059280706486	0.031883414648084724	0.0
85	100	0.1454605790193575	0.011271274544593996	0.006266731496394567	0.007037566349279514	0.007841173892924276	0.008077818868704217	0.010106625407582396	0.009300120269435158	0.013285149117852111	0.015036120626295975	0.025129836709628463	0.004608316941679136	0.018362615870610673	0.009137228924377025	0.0
86	39	0.05511956097569754	0.005326787658482522	0.0019605707991977865	0.002420382345316641	0.00290838771276172	0.0033564455720384873	0.004619105049337305	0.004379274578859551	0.005820828172410687	0.008250428066721735	0.007978579369075724	0.003218317992895149	0.004320366832020077	0.0005600868265801513	0.0
87	86	0.23092102513296658	0.013045502390116516	0.007629425526828817	0.009307948746970433	0.0120468485460148	0.014471434029878077	0.020096568995530188	0.0190198868378902	0.02541385967643068	0.024071745267841088	0.03697554309697119	0.00958872041054422	0.026508180620493586	0.012745360987456784	0.0
88	33	0.16210901509173578	0.006200740471367916	0.003041639690939072	0.004129102023619402	0.005461283635131803	0.006405194279957834	0.008576544497770146	0.008593167288857732	0.013663250211116213	0.017387022669207004	0.031127679499198445	0.00921306110350086	0.033584465560472315	0.014725864160597034	0.0
89	91	0.16724499818379218	0.014791889231197489	0.00898551006707455	0.010645177183376976	0.013194273868915894	0.014946024537418293	0.018256192139499992	0.01586689065152997	0.019256385493833517	0.015194480866361378	0.019245246390299738	0.002398797880834168	0.013390653549873618	0.0010734763235765942	0.0
90	19	0.12323475761821015	0.00406305496757395	0.0009047746912586982	0.0013816908979097282	0.0022260654393684277	0.003262284376416984	0.005498381820499319	0.006226733309712663	0.01000327020578276	0.014299689700702695	0.029253711695465257	0.00788329333306413	0.027777741663114454	0.010454065517341099	0.0
91	71	0.12308314881284388	0.01197324302514154	0.008982347896266498	0.011213624858858788	0.013560679289130594	0.013683320286801026	0.014952079176357732	0.011697714690292203	0.012541815992555539	0.008243465873900457	0.009098904425413244	0.0011324461894375	0.00537787154807244	0.0006256355606163281	0.0
92	11	0.06721247061774424	0.005120366625646627	0.001228043396298465	0.0014111102240462986	0.0017367090755193268	0.0019123055815318617	0.002829763554462191	0.003169448820907336	0.0055975941819534965	0.00933630688356222	0.014330698464669566	0.001057487808419558	0.013746624177642053	0.005736011823085245	0.0
93	51	0.1978121069477266	0.004781446480033932	0.0019235352216039154	0.0028672601326807058	0.004542521956645459	0.006562671882466569	0.010695754633110776	0.012321976445987572	0.021692647611169368	0.025173393171179927	0.045854488754251965	0.01513653231278703	0.03313521809954935	0.013124660246260026	0.0
94	34	0.18512777196057978	0.004079202900582208	0.0023639637905016296	0.0036324572386411836	0.005780479247453433	0.008337767494618772	0.012865800180172748	0.014477567434741587	0.02343743095806919	0.022389104216319167	0.03364012013240391	0.009572459422563228	0.022010828755679474	0.02254059018883326	0.0
95	60	0.12900625340155464	0.0072595720921217015	0.0035972983746759826	0.0045458947427421134	0.005668878790322405	0.0066327336618250896	0.008848518928648868	0.00979658362823413	0.013793008938082548	0.013724489120731792	0.02161871664669316	0.0038600738964667076	0.021634302468863685	0.008026182112146474	0.0
96	38	0.11121789195440633	0.004306256421571954	0.0014493553069204225	0.0023083342560926835	0.003592759568195364	0.004996685053110962	0.007879415589841943	0.007883437233945561	0.010870987029552873	0.01265962516198987	0.020035329318140515	0.0031089911837191508	0.021961101305383604	0.010165614525941431	0.0
97	54	0.13360758587749333	0.005511273345687514	0.0016332297827638372	0.0024757639606831847	0.003444101263865758	0.0038630294671802914	0.005939596257731217	0.006202463040363718	0.008230044672417239	0.011996271451218926	0.022078636747457303	0.00376613018529978	0.03141524147438811	0.02705180422843647	0.0
98	77	0.15056277537421275	0.0067600027979801795	0.003574829883565037	0.0053920295317927604	0.007543050534498859	0.008719846721805126	0.01096638845489169	0.01018754376449184	0.015012992645470357	0.017544216675600514	0.02716813489655724	0.004374188772727397	0.017267819805971567	0.016051730888860187	0.0
99	32	0.143538688973813	0.010227662677513193	0.005836181558712099	0.00706646291224816	0.007983251941801894	0.007537014797132516	0.00891573363409904	0.008505874585937719	0.012158149288065839	0.015061046754832726	0.025782364189701527	0.004972558594683015	0.02215390084010766	0.007338487198977589	0.0
100	59	0.14381813533011084	0.010310171016640888	0.005875393034201475	0.006408776890689626	0.007863860443544148	0.009293705307538726	0.012236417413060833	0.011898133547893399	0.01622404873014794	0.013565081197996355	0.02658991030911307	0.009437702202402634	0.011737576546010906	0.0023773586908708306	0.0
101	70	0.16100524065244204	0.005130463676364993	0.0020338716324963943	0.0026452030129036925	0.0036603467461176495	0.004750086131746164	0.007585748191891145	0.008927211418121151	0.014742026129296548	0.0171946781783378	0.03279017722160622	0.010699701339553353	0.04380170217818884	0.007044024795818081	0.0
102	25	0.12051352773959711	0.005392746490710699	0.001361453458361232	0.001796767080385974	0.002709065415832607	0.0039313797719854136	0.006340450737696821	0.006280620618315566	0.008713722198171792	0.01295867215107856	0.025311336047331285	0.006250229243134172	0.027444962197351007	0.012022122329241998	0.0
103	13	0.14768221577963958	0.005152934246295361	0.0009709264020307466	0.0012504389541483142	0.001701711680815453	0.002242665581001957	0.0037839570834861313	0.004409606298296247	0.0072776575444597775	0.01516221953736904	0.039725828839619066	0.017066462960790833	0.03812695111970403	0.010810855531622617	0.0
104	42	0.16067982701656097	0.007079029463984524	0.0030018360962243027	0.004054343101305672	0.005547233374999733	0.006574798466932294	0.00875137351345983	0.008327753422987028	0.012406630161737894	0.01674886290045862	0.03581709255365637	0.010843143923433694	0.03986905491200519	0.0016586751253758244	0.0
105	55	0.1545005743614499	0.021531987484939244	0.01289818534215548	0.015376191234114642	0.010347702715422314	0.010187197882546465	0.01229978022254009	0.010208247166223705	0.013146152715508225	0.014353858972204432	0.01975565325750597	0.0021766735735861955	0.008513700147980845	0.003705243646722288	0.0
106	74	0.14928822721115434	0.0056457425010293235	0.0020757088124031585	0.002650439587476812	0.003650280191344985	0.004601874043956252	0.00684055867830537	0.007173553479641095	0.011503102606823806	0.015640507442511532	0.03355984337600361	0.01129847275572577	0.03428384207040878	0.010364301665523835	0.0
107	30	0.12872452857183284	0.0053676154179660655	0.001872275630622841	0.002325753376707005	0.0030388145848730857	0.003805547377350449	0.005847865754860049	0.0060335788411140494	0.009383243672433459	0.013745518209318203	0.0266438614925896	0.0072383048814470205	0.026661074512158156	0.01676107482039286	0.0
108	69	0.14330181878197473	0.006649191888198784	0.0024232574741778774	0.0030314069972684245	0.004002064313357968	0.004515927681173475	0.006010770310584579	0.0059258558034904	0.00898473390366979	0.013160787665135239	0.026112228757032	0.007810863811541205	0.0393576772637548	0.015317052912590185	0.0
109	59	0.23009699469899608	0.010947771333639448	0.006258088314881765	0.007905399431241331	0.010906124650405422	0.013595692669122222	0.01719222876795583	0.01707073094897573	0.025718941260781846	0.027026095459553874	0.049047986637793944	0.012615028652845629	0.02107410715743744	0.010738799414361615	0.0
110	5	0.09102460284992078	0.007719227768629804	0.0025601303465019962	0.003042545541729005	0.0034379983117787246	0.0037900266100996723	0.005516025812675209	0.005621694181518325	0.008367832946718086	0.014438776582687461	0.017974986330399602	0.0027916916766533113	0.01045852346055764	0.005305143279971948	0.0
111	36	0.22488127903459676	0.0048412940523175595	0.003484004773903002	0.00535379415511227	0.00867002219149258	0.012773685393306002	0.019950605376804532	0.02194382535970522	0.03029554811183869	0.02529922082587397	0.04217660961381049	0.013354953757044524	0.02981161186771282	0.006926103555675155	0.0
112	31	0.17110833920558288	0.01230570271894917	0.00830663482172035	0.010931717395662163	0.014039222428872112	0.014609243685886895	0.014472751685033574	0.009749761694349192	0.010477116523534086	0.010653072324850242	0.019381651322004638	0.005648898834571193	0.025453999170157483	0.015078566599991804	0.0
113	73	0.20065345410748409	0.005123600845206155	0.002693057923854644	0.004725477092022812	0.007663989685842641	0.010123221667501969	0.013969359885066604	0.014273359405251908	0.021239200407552634	0.023129477368315755	0.04522068957643949	0.013066248720198617	0.02821570434316449	0.011210067187066377	0.0
114	82	0.19964204950134845	0.014426569226462505	0.008114705233053663	0.008609317627766936	0.009208216986965896	0.009249439343299273	0.010693990575877462	0.009701609708848057	0.013977546828040553	0.017031223046775304	0.03452067406200752	0.01202912108303195	0.03170705579675369	0.02037257998246564	0.0
115	20	0.1894396477162117	0.012665476473170664	0.0046048587207285765	0.004442258662592654	0.004857224841729024	0.0052640098575701625	0.007054798532266662	0.007416249259797449	0.012924506929636762	0.01951195498018953	0.04694376300706188	0.016281240771509817	0.03680952742147652	0.010663778258481995	0.0
116	50	0.25933351033405816	0.0037265038396655584	0.0012601060277871823	0.00224779505628173	0.004006640557098877	0.006225852962023604	0.01063432680531063	0.013071538141973184	0.023654278075919626	0.030227064570832483	0.057952492425033766	0.019542093313267603	0.041372896180002186	0.04541192237886174	0.0
117	0	0.16195595746770908	0.0031774913145116933	0.0008573219024379413	0.0013052804428868023	0.0022018553260618008	0.003212191918885632	0.005353532285551131	0.006561178835356155	0.011495328129255293	0.01520397304225703	0.03419291433678941	0.014036803440042923	0.039391587803647515	0.02496649869002575	0.0
118	58	0.18291610718346096	0.007575080499341626	0.0030526274971429566	0.0044340263454301174	0.007307020399914687	0.011452435611423489	0.01431120704995284	0.010205329491069792	0.014297363921660599	0.01612956353844949	0.02874401507355403	0.007661735861422233	0.031209559969901053	0.02653614192419805	0.0
119	48	0.10737097449577129	0.016021317751317682	0.005980718224279832	0.005539785205517418	0.005834637190764416	0.005889178790114554	0.007886473397645172	0.007800503024983687	0.01089370596555297	0.013007339577371577	0.016720052494778544	0.0005183992777037894	0.010274326224255604	0.00100453737148604	0.0
120	31	0.16610250868641357	0.005752649638853906	0.0036991102045406763	0.005630682047761617	0.008605376822668112	0.011448633462409881	0.016565874167072316	0.01791780640747893	0.02748892975041506	0.023503771278499112	0.025195109609454917	0.0038580425382755187	0.009664867797218984	0.006771654961764556	0.0
121	89	0.16255172978869142	0.008837130398991847	0.005091634357350044	0.006488696029248633	0.008606253078056628	0.01082482463743748	0.015212448802271888	0.015001392596566184	0.021283152265443427	0.020185529078615642	0.026913681414586763	0.004498071815723386	0.01546455238549379	0.00414436292890572	0.0
122	20	0.03825187349069573	0.003407434828828008	0.00043105269641880285	0.0005962306275678014	0.0008653575806058314	0.0011954937075493923	0.002053821334298723	0.0021501512385415835	0.0028741319878403736	0.005755931682195155	0.0076528341195719034	0.001819559003787058	0.00607811333875522	0.0033717613447358822	0.0
123	65	0.09619880924577401	0.009148017053823012	0.002649805244615745	0.0027283465949843057	0.003182518312421238	0.0036700261092279625	0.005328966283729593	0.0051401806330845165	0.005873740431048085	0.009553873812084716	0.01588241031333675	0.0013267821732020951	0.02202604591598025	0.009688096368235732	0.0
124	22	0.1368494153664946	0.013886542077432968	0.008720096226926889	0.008554516095904706	0.007760978367402844	0.006640885774022899	0.007288608416249336	0.006802993275562973	0.009911231897738204	0.011986480531343512	0.021580944376276917	0.007686281254210808	0.01705268031120097	0.008977176762221574	0.0
125	19	0.14193545266421345	0.007253030254506042	0.002687324525516485	0.0032137128309397394	0.0041559255430443105	0.00523069757796704	0.007928256062161933	0.008035132337391355	0.01139750166555661	0.01496822132922987	0.02839797853507526	0.007787501864462134	0.03404191115318334	0.006838258985179337	0.0
126	46	0.1250029527266903	0.0054893566572313725	0.002851188303023213	0.0036972347753071633	0.0047096567105863515	0.005557663257955037	0.007732502574616714	0.0079671438613412	0.011916040645489344	0.012615303179039344	0.021174265205291386	0.005910766933082618	0.025900056002733568	0.00948177462099299	0.0
127	64	0.11306782030263765	0.009805400115897162	0.004089816756205629	0.004489337085932582	0.005297756239966131	0.005877822785033061	0.007283002863879256	0.0060036079689071535	0.008110545369572019	0.011116488375879936	0.019603313716450306	0.0033894384992816384	0.024867688341306315	0.0031336021843264674	0.0
128	73	0.11985918927114272	0.00877269184929572	0.004381246109791145	0.0053446131055086155	0.006690922798565839	0.006974781704765809	0.008593582520809937	0.008243126763616184	0.010918823741981217	0.01136181966652405	0.01715137548419313	0.0025553423726381004	0.02067115234352025	0.008199710809932738	0.0
129	73	0.1844970094469467	0.004820631700854294	0.0027785912379802644	0.0036957122919185773	0.005072561793730623	0.006725457943946031	0.009455232871342631	0.009254830807747498	0.014737618452589488	0.017712269226508863	0.03455009580938654	0.01377674160482428	0.03743087536919762	0.024486390336919992	0.0
130	46	0.14266774091329337	0.0031864612946708396	0.001419055212167834	0.0023519562959643803	0.003882355487994495	0.005590565531417285	0.008943341573486205	0.010460276178903192	0.016914951070742763	0.0176241660632798	0.028175293948308873	0.009208996589487404	0.027380859440198274	0.007529462226672025	0.0
131	16	0.08872842657435749	0.005180017276017072	0.0008990137734118638	0.0011381217296390078	0.0016250621607721669	0.0021994867160326937	0.0035016378661256392	0.003727606644950825	0.0057007115593021955	0.01046167487473985	0.017652649779312884	0.0013249087779589484	0.02466920232556208	0.010648333090532263	0.0
132	33	0.1830115867806094	0.015272410831218811	0.007806945550648068	0.00873478269910195	0.010643744839653673	0.012010196503135303	0.015878637665829476	0.013186982549080795	0.013653903147881955	0.014299190742624469	0.02547764048755964	0.006911629659027961	0.029944910738236206	0.009190611366611078	0.0
133	71	0.14970228710164346	0.008661587122464435	0.003621332543558259	0.004255843991948512	0.005665170544369184	0.007635318232050048	0.01168332642893991	0.012158295976306938	0.01852290600585003	0.020048370082681982	0.029295070165016902	0.005398840057603798	0.017660841171649528	0.00509538477920392	0.0
134	47	0.1844961804408274	0.004303145268280544	0.0015961908573833149	0.002516927275572102	0.004010212030649633	0.00565015613860986	0.009274816161285185	0.010509731352673864	0.017630588373819762	0.02142970338455695	0.040552003689887796	0.013262673951566321	0.04171240842707788	0.012047623529464199	0.0
135	55	0.13417560008718032	0.0056639050823346715	0.001681507587982578	0.0024096716272373007	0.003460225394584248	0.004498148051224888	0.007063972412526856	0.008408936662596515	0.014562506184378442	0.017704921247487064	0.032329948738149594	0.006394425435067992	0.02778889013428456	0.0022085415293256246	0.0
136	36	0.15363155361868086	0.004745021509225623	0.0016550527628818746	0.0023958844170247884	0.0035821590656085166	0.004651801724482043	0.0067751089188272	0.007617626949664457	0.012920707884753808	0.017975053291290313	0.03414207713926899	0.009888299484137223	0.030147985657888773	0.01713477481362724	0.0
137	42	0.17074387213807785	0.012934408143370782	0.006085693502614573	0.006792281625003022	0.008147220238040025	0.0087687446685402	0.010801072070365207	0.010746956294039545	0.018696190291721287	0.021038732743191242	0.030287122729568797	0.0061406792300267455	0.027554858304721215	0.0027499122968751995	0.0
138	77	0.16996664902752606	0.013326129393861217	0.007766694357689213	0.009188863518327765	0.011532299768581777	0.013323782517522951	0.01642847974429636	0.015259101958129469	0.021651147100055293	0.02015996450317558	0.02526326397272343	0.002435937206293079	0.008056897998784495	0.0055740869880854475	0.0
139	33	0.12918830638896125	0.005353766728269026	0.0012894362138515564	0.0017445394280516864	0.0026268817457251927	0.0037039999066031132	0.006041002287825777	0.007028530082653818	0.01181192050061155	0.016097952168728023	0.027762561128754415	0.005402423010034775	0.02508143406581919	0.015243859122033122	0.0
140	78	0.17111482076407497	0.00782283517351495	0.003462428700147154	0.0041511173505827705	0.00524658651334305	0.0061342418270918676	0.008436241331651181	0.008883782703124912	0.01412248984529084	0.016636801262232437	0.0351012751765862	0.014562210766833266	0.03804140601828401	0.008513404095392318	0.0
141	31	0.2226391186091483	0.004617117089578411	0.0014158606219203257	0.002031056791578492	0.0030062888575683837	0.0042021770816036185	0.006939744106820871	0.008127781489053134	0.014127682272085483	0.01985413997074581	0.04208805587709913	0.0162433889047278	0.04836108703808062	0.05162473850828625	0.0
142	53	0.2404757166539701	0.008612910692121004	0.005751000774441059	0.008282158486833223	0.011308319547432753	0.012878450278259783	0.016029613937746164	0.015469259785630584	0.02306662688745284	0.022609249805187775	0.04270070368950862	0.014792141702904889	0.0334162209790045	0.025559060087446926	0.0
143	39	0.08216938640314587	0.005798224992337682	0.0018770066309230986	0.002135780791283605	0.002834183903067236	0.003485742949717493	0.004795179351607023	0.004709125574890215	0.0078052537878516015	0.01284067382061978	0.02170123589258901	0.0013666557897778374	0.01178171669075984	0.001038606227721443	0.0
144	29	0.09264820020944392	0.010206595283907511	0.006437776524555187	0.008567642653035855	0.010596968135012336	0.010646512469105324	0.011349846753859165	0.007426617937245363	0.004871852084836342	0.00615807296650784	0.007296495137377871	0.0026344082485940997	0.00462567869038307	0.001829733325023964	0.0
145	36	0.11506142617008783	0.005934237069035307	0.0029088101408205466	0.003785766273448252	0.00485905590850917	0.005579749140875067	0.006871039128740748	0.005878410475004342	0.00832934439407675	0.011758615589800799	0.022534324987924674	0.005407635540454945	0.02480085049059373	0.006413587030803492	0.0
146	59	0.2001282699956976	0.01503720938448096	0.00709160389088319	0.007162986489873474	0.008533270129141981	0.009406104418400731	0.011936398360085938	0.012472257975602308	0.020836611758944627	0.02053727525861521	0.03460009817576579	0.010974601683660188	0.023833102914552796	0.017706749555690404	0.0
147	43	0.10665364307736983	0.009253028606226826	0.00426011875374002	0.004757496215923925	0.005423934625147953	0.005652834793319976	0.0066633599109591525	0.006004985439604522	0.008410062175023037	0.012693709836029365	0.02222510531826022	0.002986141549222199	0.015546284627938346	0.0027765812259742816	0.0
148	77	0.13507772792610573	0.0050189629876663585	0.0019987827388338905	0.0032389382936162787	0.0053606622766375804	0.007863018749454876	0.012484774102696074	0.013251528359266272	0.020131186199169634	0.020342170554747768	0.026163865099278406	0.0029926574296971487	0.013130791383572638	0.003100389751468786	0.0
149	39	0.16575710279669337	0.007316609628819691	0.004227317515193654	0.0054177270734897375	0.006088386244079598	0.006902235380955291	0.009890822409451893	0.01026481289717193	0.015664147325008794	0.019689664861736577	0.037288609542722104	0.010564220683211624	0.025917373841976864	0.006525175392875615	0.0
150	27	0.0845156944616835	0.005547028435610541	0.0015978409027176425	0.0019828126018919872	0.0026455210322432155	0.0035241651139384196	0.005496633101819888	0.00532948689712032	0.008178222128662517	0.011426941380397834	0.016006753667376118	0.0009306554551932438	0.013742155498055145	0.008107478246656627	0.0
151	17	0.11381891579097224	0.006533813233440017	0.0023790008126553124	0.00250359154880608	0.0030618102967452524	0.0037482677263886346	0.005105135375932712	0.005090524092761107	0.00852274082412472	0.013615010435126744	0.028333157965619277	0.008030865396930447	0.019987760681915483	0.006907237400526458	0.0
152	72	0.14485301171807163	0.010355650435847429	0.0035549741620649958	0.003959980058039872	0.0050191609079046975	0.006087207302759923	0.008406293311764235	0.008439231819066497	0.012219680800403414	0.015705916228302714	0.024226056008434763	0.0033485942886475424	0.029003837132985624	0.01452642926184992	0.0
153	68	0.16968087739710266	0.008139094984996239	0.00421164203766529	0.005121418720313187	0.00665433637982883	0.008454311803899432	0.012474505961825916	0.013162858896290548	0.019978455940456278	0.02123171519239469	0.03433095834369322	0.008589916011474918	0.02043957288220284	0.006892090242061264	0.0
154	62	0.16203517773230097	0.0047650890585656126	0.0023959407012452034	0.003414896094174066	0.005083323992305955	0.00705198560013558	0.010702607640615015	0.01129324311617444	0.018052256214782913	0.01866517441330049	0.03125204562901768	0.009599831799763833	0.03359104382941582	0.00616773964280436	0.0
155	62	0.14670370239057812	0.010255665392490237	0.004206545574195733	0.00464188096290848	0.00555351990891513	0.006131760440869466	0.008672319949145387	0.009026672795112408	0.0130864578435303	0.015765406824030805	0.028107287272837005	0.006319788960365608	0.019973172057731144	0.014963224408446434	0.0
156	53	0.21778621507249757	0.007113291496637962	0.002549810082310087	0.0033854724879018366	0.004972356399957221	0.007342000148821994	0.013844695166581308	0.017033656248191923	0.027707036188325297	0.029941343307141495	0.048777433395297665	0.01265634401996902	0.027414575783949194	0.01504820034741255	0.0
157	16	0.07010600579080625	0.005165258077742897	0.0009528987149601416	0.001231397313015527	0.001661446483030128	0.0021720379662691605	0.003639655519103286	0.003880010408400087	0.005381370875309742	0.010000434529472134	0.016291457091686792	0.0003861512083979414	0.011569286043369471	0.007774601560048947	0.0
158	38	0.08229337859507348	0.006558116572466518	0.002961990538247042	0.004054698155403572	0.005604800169294011	0.006632881188352802	0.00863882453907748	0.008146514927212937	0.010906103762369591	0.011520198485995557	0.011350948561836858	0.0029261964023869704	0.0023066428178386373	0.0006854624745915017	0.0
159	81	0.1918829878388289	0.010410412250236855	0.005868255676247429	0.00729693435026641	0.009210589136243433	0.01013231230425505	0.01281043036347683	0.012711561881089904	0.01903343205849078	0.022333513511301188	0.03801790652481136	0.009116482453030508	0.021169915063202902	0.013771242266176235	0.0
160	31	0.059074243254703	0.005478095080190065	0.0016401083518022856	0.0020956208762723453	0.002589724138983947	0.0028755966334118436	0.00401140534666411	0.003763200243055558	0.004377705467913873	0.007854965721983454	0.010885732779328862	0.0019871007217038155	0.008441263363181791	0.003073724530211046	0.0
161	65	0.167910733118666	0.0050864129903397635	0.00302226661725862	0.0044636261362581385	0.0064165281776887625	0.0077014617897049435	0.010508321377452792	0.01131437912423145	0.018852478883775663	0.020979824020202376	0.03345156714055843	0.008563678098444947	0.02411493270856571	0.01343525605418442	0.0
162	81	0.14546109436708338	0.007952654428297871	0.0030918652931847482	0.0036205888032666733	0.004333450964647288	0.004794624306036024	0.006338187758389086	0.0061227569262407655	0.009294276063786943	0.013616327128180533	0.024798265842727187	0.005050349949216529	0.032458229443685746	0.02398951745942396	0.0
163	34	0.1379304898699852	0.007622497351694447	0.003171353382272853	0.003868730723632214	0.005145973811559724	0.006910218889584152	0.008894647008444386	0.006876440720231799	0.01026930138662566	0.013183195766529321	0.02613997172682852	0.008956378114750998	0.03165009218354533	0.00524168880428581	0.0
164	20	0.08812936294346242	0.011464830248428412	0.0046108642747192275	0.005083369926850771	0.006695027921150145	0.007324696573835787	0.00821303512741779	0.0066666574621029855	0.008011620608659174	0.008021500381084637	0.009656757803829453	0.003114272027009737	0.007432068006844733	0.0018346625815295631	0.0
165	14	0.1684360720489697	0.0029723365215628727	0.0019727136889389485	0.002892839309714056	0.0051062660034081955	0.008895072924146527	0.015176641397727661	0.017390278757159986	0.027806535975085287	0.022008169893666878	0.032803162422193166	0.00936063411999992	0.02004274052630292	0.002008680509063292	0.0
166	59	0.17112877021977235	0.007674737683261251	0.003507197599118346	0.0043339456776827915	0.005735224169026367	0.007000773790111575	0.009660534601892333	0.009450254356849827	0.013843426403543007	0.01668103836830569	0.03243650464391925	0.011614590368735887	0.03461595527669628	0.014574587280629724	0.0
167	28	0.28994210525412556	0.0035804776205810252	0.0012339571127683577	0.002305212743288874	0.004441263511584862	0.00740159619837215	0.012746920747865976	0.013885782837911902	0.02025975670848283	0.023212288407881553	0.05863404104942921	0.027385150085272956	0.06680799817341483	0.04804766005727101	0.0
168	34	0.17741515441462746	0.012541287161717249	0.005915579741021679	0.005691964084379483	0.005915841807440271	0.005848018674897379	0.007150465213210904	0.006955024285840319	0.010458800482878533	0.014778925995645304	0.030890949597771312	0.011627127273101698	0.03646342695017648	0.02317774314654685	0.0
169	32	0.12527948715285936	0.005265460419308332	0.0014820283459489906	0.0020055661268381293	0.002654562004449604	0.003274894639539539	0.005096048787499149	0.006034117195364867	0.011200157044917197	0.016751578496225526	0.029428083663876045	0.006528903372713286	0.03195023711141251	0.003607849944766162	0.0
170	33	0.06876263960947124	0.013811554660166939	0.005537302855612109	0.005085908021324419	0.004839216879785224	0.0042056761580606394	0.004479338033392104	0.0034521800634692	0.003252712137982626	0.00600101012359938	0.00751340052500651	0.0023458821861498417	0.005756742961487559	0.002481715003434687	0.0
171	47	0.16044676712375325	0.006354582885180948	0.002841513624030298	0.0037139382405818894	0.004758981899944058	0.006423624859835286	0.009181487021898787	0.009525500374175001	0.016493016166788537	0.020467740020614973	0.03726806532648422	0.010263026965276116	0.02832101385874705	0.0048342758801960825	0.0
172	22	0.21672550530316403	0.014571387272181997	0.005540280302823429	0.0061822098157821685	0.00881991675803136	0.012033365922603723	0.017156746261317062	0.01709302196606551	0.022512754165472992	0.02243975203448799	0.039407080348837886	0.012377687676514502	0.03477669478838924	0.0038146079906562014	0.0
173	26	0.04246292943877862	0.006391211621028724	0.0018333302910176997	0.0017397183131178874	0.0019256385564237208	0.002132337530866127	0.0029192108594949186	0.0027683320788404768	0.0031021919846089844	0.005131121194038574	0.006161225461241765	0.0018975697097971616	0.005215079868454194	0.0012459619698483803	0.0
174	45	0.1358348932439832	0.005053339113286629	0.0027420997981230304	0.003126126396117591	0.004232975832626854	0.005100305459104611	0.00671223228511077	0.006378094535349425	0.010202672025971122	0.011763794185719496	0.024981576918544787	0.009351106638264885	0.035426941475653714	0.010763628580110284	0.0
175	28	0.056716747751175564	0.004428378965263084	0.0008477621583550003	0.0014459573641527274	0.002090740101271429	0.002643503439732035	0.004262955744362589	0.004408934898730076	0.0053184528917295726	0.007854309615748997	0.009151918822460218	0.002880396864807607	0.008782501405469234	0.0026009354790929966	0.0
176	37	0.18909539977468373	0.005504477948930106	0.0021883510460952126	0.0025689243453980624	0.0034053294382244944	0.004624507213139558	0.007916793345590954	0.010157516182382404	0.01972743798282505	0.02398774983425321	0.046637974273843856	0.015399775210109223	0.038135243438954844	0.00884131951493676	0.0
177	87	0.17426991682398024	0.014677274507761465	0.009461678445216427	0.011521961703187627	0.014551233204806538	0.01649785140550939	0.018516916370048757	0.014879027419051486	0.018060645657086566	0.013214191913573523	0.016914490841323297	0.004046321416884772	0.01280475531735847	0.009123568622171936	0.0
178	88	0.11205619909171508	0.013526790965135715	0.009343005952862478	0.010262241571798883	0.009101425438723932	0.008690554553054838	0.00957953463827032	0.007101116688135914	0.00757244539049773	0.00991792578429107	0.013028828582818744	0.001740324784183061	0.010269753096971361	0.001922251644971027	0.0
179	61	0.17800382990819347	0.011020664038881432	0.006069844189894541	0.007626805687386398	0.009625961612638158	0.010498123292603674	0.013536092221603173	0.01253654679389064	0.017187244049134916	0.018904824730228323	0.03444950513683541	0.0065842186729065805	0.017601324239296733	0.01236267524289349	0.0
180	21	0.095803010955283	0.004418626585954943	0.0011738851741106004	0.0014388308654977155	0.002019744006906201	0.0027358497623727086	0.004427727681637763	0.004989339838587507	0.008071345040516223	0.011166554109322688	0.020130120679717187	0.004949028502056966	0.02740997719511986	0.002871981513482642	0.0
181	72	0.2578739067298996	0.005524594035591586	0.0030764203573981075	0.003999610245538498	0.005565993186640441	0.007475677600536744	0.011112737078768878	0.011904321902287223	0.019383050698668025	0.02313169592810832	0.04989835465051248	0.018812143200530478	0.04795059007188688	0.05003871777343198	0.0
182	30	0.1423290757060459	0.006173018222099362	0.0022107393959014503	0.002729615096061766	0.003579883882670769	0.004365507979662292	0.006597612064838683	0.007194983741964617	0.011387959051683837	0.014991453056074803	0.03208850045284189	0.01075633042078874	0.03388424340924987	0.0063692289322078	0.0
183	71	0.20472931595997745	0.007398902673401861	0.003878097293097624	0.005264226725122025	0.007201423805501662	0.008381726137697854	0.01086433607500154	0.010605814281360995	0.01552451845389091	0.01822335532673377	0.036104407521909444	0.012396753420657856	0.04301973360543691	0.025866020640165015	0.0
184	73	0.12370825708531719	0.011738355920736097	0.004730083625070668	0.0047201114547697955	0.005380483938786928	0.00582915754674406	0.007663098204367202	0.007232179793611912	0.010329971999002418	0.012675791632778398	0.023121344617719853	0.005912330064519692	0.02198086664259242	0.0023944816446177333	0.0
185	24	0.08345624321630495	0.004816837716620505	0.0012589623501482869	0.0016985934096257445	0.002372382527139474	0.0029680152862547483	0.004414943942981879	0.0048613177663989135	0.007893091952115593	0.01314172968352803	0.022163613840127737	0.001936418488130373	0.011084113807957513	0.0048462224452761535	0.0
186	30	0.16233298923048112	0.014437146709255786	0.009404528294484057	0.01156349129231993	0.014301039145463629	0.016365177192050176	0.018944699037917054	0.014285649670149558	0.016128688704791408	0.014164513491088895	0.01989618269451865	0.0022122584608337357	0.00931748494417243	0.0013121295934358011	0.0
187	46	0.24658017897099266	0.006625022364921056	0.002563517161233524	0.0038450069059593724	0.0056670125004656645	0.007445898319453293	0.01122353052427705	0.012209183272082064	0.02052688460033432	0.025792544126429902	0.04820928648244906	0.014729125566067258	0.04178122391419016	0.04596194323312993	0.0
188	48	0.05686425098045006	0.004242299888381722	0.0010326322693898857	0.001450109541852459	0.002011001898965248	0.002415156049585514	0.0035047887833216497	0.003200346374630358	0.003659856764081237	0.0063689429875831705	0.009763734488028742	0.0011315835773746767	0.01622795934872625	0.0018558390085291585	0.0
189	73	0.12125299891457386	0.009370242681309813	0.003529064142509893	0.0038007565308137018	0.004514846910055645	0.005188950292298245	0.007079569369337794	0.006683711327614469	0.008550948850076703	0.011753975686582104	0.02169405152526482	0.0040537925400477666	0.02834665298944592	0.0066864360692169954	0.0
190	65	0.17421315906895427	0.01441646739741427	0.007095869708109711	0.0073067391181814035	0.007923226386014743	0.008381851024341132	0.010681979438597574	0.010035102899848816	0.014299013393875744	0.016241631727599026	0.028415305792248963	0.008644504349252168	0.03189563803798413	0.008875829795486567	0.0
191	33	0.0934581654175185	0.007240507969891934	0.002301059163519922	0.0024493469710842957	0.0025928426663992775	0.002564120519576932	0.0034867088564434663	0.0035084213633039185	0.004878407791952153	0.010101857336835298	0.019624762784541016	0.0035458648469031536	0.017688877243140028	0.013475387903927116	0.0
192	62	0.11288647826418446	0.009765009555887046	0.003461938101205517	0.003562109215578711	0.0041745517314491	0.0049298572434821036	0.007055663970185958	0.006743777457043671	0.009290512593644922	0.012834151524636878	0.018967172193034045	0.0012961192588765444	0.022572210384430996	0.008233405034728976	0.0
193	12	0.12233930986036909	0.005428095570457882	0.0010769246106294608	0.0016073164558788417	0.0025462727173392596	0.004015026759167839	0.007391257536410845	0.008783807088604241	0.016636790153400825	0.02085830380593433	0.0291248659864645	0.0026070579473510508	0.016407977043041838	0.005855614185688184	0.0
194	29	0.19435324741507742	0.005697231135189341	0.0021846863654249025	0.003141291575761144	0.005031232274556157	0.007418359444460232	0.011625605652992452	0.012100054659059493	0.018431185310873753	0.019597767222177046	0.032321019095975595	0.01005829216337397	0.036759982960799284	0.029986539554434054	0.0
195	45	0.17782613599873465	0.005642819326348204	0.0025342499504099484	0.0030919858239015527	0.004194127386245746	0.0054834760277729135	0.008742067165213124	0.01060142607569436	0.017145374921212674	0.018758710580200153	0.038538545169482144	0.013114044175652192	0.03500470261381498	0.01497460678278667	0.0
196	41	0.2773320469642667	0.008517227997089214	0.004649834256917453	0.006122823048122785	0.008485217792116258	0.011097824662281066	0.016551140521209366	0.017534301870509566	0.028141205078129443	0.03020912275480063	0.060181560826579196	0.02346142309254675	0.040291691495434497	0.02208867356853048	0.0
197	53	0.19828409121260726	0.006607506774006075	0.0026174189194960516	0.004101500700328715	0.00664204714372834	0.009245434613091522	0.014083535271866121	0.013989118593602901	0.019972157774601214	0.023183864119539974	0.043978334708209485	0.012820268620133652	0.027914506798945943	0.01312839717505727	0.0
198	49	0.19011353585965293	0.004389547665402105	0.0026923916306522246	0.004147814531293328	0.0063344083014695105	0.008350105145880853	0.011741118423434511	0.011476807270664033	0.016982186997420046	0.018099487837602	0.03501875226309752	0.012354264193206285	0.034316452461959766	0.024210199137570762	0.0
199	77	0.11666345192582683	0.009428194388555113	0.006055084985851488	0.007053654070897966	0.00779875361683865	0.008277198787612502	0.01043438417375812	0.009679811685485307	0.013059308404555665	0.012468966822981646	0.016037391623323363	0.0017646610561915686	0.01121794470515493	0.003388097604620521	0.0
