	gt	ms_total	s0	s1	s2	s3	s4	s5	s6	s7	s8	s9
0	29	0.11492819909252619	0.008569266771523854	0.004890790245998757	0.006460273240059308	0.008313393631207679	0.010629814703098208	0.014634206804714433	0.01782069033536863	0.023029639077537554	0.02058012428301779	0.0
1	42	0.17896276117083543	0.008500284417700184	0.004778036412049462	0.006583911607753037	0.009327108773099835	0.012959436544368066	0.02057593488097201	0.02701381618579788	0.03233427232628662	0.056889960022808356	0.0
2	68	0.16881121126305662	0.019363356727942548	0.013221088947835323	0.015429326869146864	0.017274828659385552	0.01729605264372485	0.022366998205808807	0.02408808169601615	0.02088264398784747	0.018888833525349057	0.0
3	39	0.2099654295727321	0.009945612169399057	0.007175136158476012	0.01124213105129565	0.01616404929742365	0.017960587809360076	0.02439830148509102	0.028029862991601706	0.032886299672137936	0.062163448937946966	0.0
4	76	0.17923263605759915	0.008449285263482705	0.008421326696659076	0.012632351644617196	0.017942532672757344	0.023830031095001133	0.03167185410441859	0.02799663589656088	0.020943593142116624	0.027345025541985625	0.0
5	41	0.1584777866558455	0.016564556266608327	0.010380537018659368	0.012526922059261349	0.015702392225731304	0.016498876843220506	0.01838150671219879	0.020143794797725073	0.021807331327865997	0.02647186940457477	0.0
6	39	0.1761390022523792	0.010098967865802147	0.006240229448230835	0.0075571393217522854	0.008577827370000301	0.010617566449177733	0.016865348560425143	0.031632538977467275	0.04390178391926967	0.04064760034025381	0.0
7	40	0.2405630590701459	0.008310929662304288	0.007877054172151059	0.010874146221741588	0.013970202489610423	0.01863987213433215	0.028354334758908424	0.03456092020169013	0.037195480300668604	0.08078011912873927	0.0
8	33	0.08933648132446256	0.006069038701637535	0.0028455372889556593	0.0036251721509848395	0.004779066606442023	0.006481260073921647	0.009789319518354518	0.014397101964102037	0.020949742729732455	0.020400242290331837	0.0
9	33	0.1287315432291358	0.013686714224059461	0.009147791911230671	0.011968511740242053	0.010045358757151951	0.010760054178413938	0.014967617938214762	0.018669827306539124	0.018713293092680293	0.020772374080603534	0.0
10	52	0.23373886252002463	0.006139714050227261	0.005178918530233828	0.009360134277811795	0.014597249212799843	0.017224820012903673	0.025766083668923113	0.043491525043471924	0.04893587679243659	0.06304454093121657	0.0
11	37	0.22557489269681752	0.02655722688087253	0.016797872725025278	0.01825013156309119	0.02059563249268273	0.020134168647605317	0.02384131285260255	0.03113036977355162	0.03094830934311027	0.03731986841827602	0.0
12	61	0.17366394825363665	0.013220060611296203	0.007815656360055693	0.009836922419251121	0.013254109480558756	0.01548590096947661	0.020032073259585143	0.020718626583732105	0.02096497199677933	0.05233562657290168	0.0
13	71	0.15593256868502842	0.005699574576326093	0.005312936290735582	0.00814455110160766	0.01148686647871995	0.013921621941657546	0.019949493856601802	0.02382913226540089	0.02450238800049195	0.04308600417348694	0.0
14	44	0.1899867970604753	0.009957988652888883	0.007631869487420314	0.010408566409090768	0.012103317837618997	0.014425081223652124	0.023109040318626345	0.03569297065980461	0.04943302851799759	0.027224933953375673	0.0
15	34	0.11166693437471217	0.00777190061891323	0.004757806038312381	0.006020526216121275	0.008338409631712113	0.010558398759618785	0.01555924027938477	0.01570558720595153	0.016207075307572826	0.026747990317125277	0.0
16	70	0.2148409120442698	0.011883971256138316	0.010202441560802753	0.014975711565262874	0.021202335603625774	0.02403764718135181	0.03173129404181206	0.03641673236023349	0.031751829504138275	0.03263894897090447	0.0
17	52	0.1388679606800506	0.009368616016294134	0.003985296846167838	0.005193869473832888	0.006446294873688016	0.008665134550126184	0.014138829980455497	0.021019484612122673	0.030679595977215215	0.039370838350148166	0.0
18	29	0.24016284000257965	0.0075135306985274625	0.007321536701753062	0.01386544371703435	0.021136411091809956	0.023491556575851752	0.03513890597345759	0.049485064067093174	0.043107029137226034	0.03910336203982629	0.0
19	27	0.09280131253015908	0.007621904026230369	0.0032180309042106415	0.003765799811139825	0.004197744412325897	0.005344468814754822	0.008522010655354155	0.012824589834244917	0.01979861618268706	0.027508147889211392	0.0
20	46	0.2237377906791697	0.017440680849952837	0.012227197972362904	0.016677073360446985	0.01911713812660077	0.018794274193588235	0.02638824561009167	0.02998621133274154	0.026800096508475688	0.05630687272490903	0.0
21	76	0.1387705804761886	0.004709870760544558	0.0048138857645740425	0.007959089068630293	0.012272656409831821	0.015980935005605552	0.022883978202710334	0.02685635571104507	0.026323837059189198	0.016969972494057732	0.0
22	51	0.29543026610116396	0.025885667302467302	0.017944469380857777	0.020530532895053445	0.025406798500497638	0.02674034874620302	0.032580374032254666	0.031682993244875085	0.027380597780446284	0.08727848421850876	0.0
23	47	0.2358381534140015	0.013838487384091084	0.009795515406838543	0.012992654879294891	0.016784595738288256	0.01982723806159206	0.026543675480468598	0.029944345628044683	0.03633322628923887	0.06977841454614449	0.0
24	52	0.24638256903107025	0.009189632266607059	0.00734931993773625	0.011345349275230936	0.016827353377522246	0.02253533882684211	0.03142860214624768	0.04711929236946384	0.0413079719487143	0.05927970888270583	0.0
25	66	0.16966437273783894	0.00838654570204291	0.007449436085271115	0.011068093348297258	0.015048797760058779	0.01731838846800115	0.025034768595474953	0.03010753460555123	0.027315127827144285	0.027935680345997246	0.0
26	31	0.15509152745903657	0.009440226287463886	0.0073389999447350425	0.009536802405110657	0.011599092956585393	0.012880204927585251	0.018224130549316545	0.021503135634639153	0.02380169190590528	0.04076724284769536	0.0
27	57	0.19355239011680853	0.007185215228207649	0.005457729324036335	0.008955873756946888	0.013889807182139485	0.019391859428521785	0.02730344776917403	0.033063929042083814	0.03555696394180664	0.042747564443891904	0.0
28	73	0.18754109481039655	0.010885061194631262	0.007345290705754926	0.010969871722512133	0.015999774506502203	0.02022192179691132	0.02935962221205548	0.03625567662010244	0.026609116680054015	0.029894759371872782	0.0
29	65	0.10459412942975624	0.013694212054823681	0.008506077321488741	0.006962139230060551	0.008758922226857981	0.010412705709940961	0.013438532304231424	0.01434843891485574	0.017273882541052787	0.011199219126444379	0.0
30	18	0.14683276628188424	0.008988763416628869	0.005815203342635461	0.00795904651699721	0.010024886268358207	0.013331261690053806	0.020736803484706898	0.02700985222513446	0.027935417632302	0.025031531705067347	0.0
31	24	0.10781184341421363	0.006188665404099616	0.006236334248500894	0.009511837215835414	0.012616844053441927	0.014965166557516077	0.020304192071088183	0.014532643897518396	0.008411046446263499	0.01504511351994961	0.0
32	35	0.23523467263577283	0.027178716213932953	0.01596352362415239	0.016297735385148886	0.01773935929704298	0.019079709235317568	0.029659627564422128	0.033907024199273154	0.028259962944844376	0.04714901417163839	0.0
33	26	0.12979423724418257	0.007813547876605188	0.008174180644377855	0.012849999824129859	0.01698087199160852	0.01759695212405523	0.019871206717051566	0.020948300058645924	0.015120422550625727	0.010438755457082697	0.0
34	80	0.259253194533824	0.008977402874754912	0.007462313427017029	0.011766492251457646	0.01756166689355864	0.02323553062979162	0.03951381667761424	0.04892820081158808	0.038150548142018736	0.06365722282602312	0.0
35	38	0.08312376346355596	0.007504879071962371	0.0031682840066786476	0.004651057099450368	0.006653124799216058	0.009713109868776913	0.013553059022537114	0.01576420139045146	0.013440429814841524	0.008675618389641496	0.0
36	49	0.21009906169603249	0.0056378987266692175	0.004260393009984773	0.007202233331608701	0.010226941663943943	0.014485520114141386	0.02316780003774744	0.03172955787095861	0.03662624395752705	0.07676247298345139	0.0
37	85	0.1946021718103355	0.018190177187904555	0.0132269169805866	0.016269842350780495	0.02090761417684608	0.02407024058247687	0.02844349449101745	0.028333906075797978	0.025120183589939712	0.020039796374985777	0.0
38	48	0.10829779522421393	0.0062007799701848665	0.003772899122319333	0.0058517256052212216	0.00845241124345164	0.011015879029607326	0.017877676533402616	0.022488915425630154	0.020463778062772386	0.01217373023162439	0.0
39	0	0.08744859658064599	0.003551992168611342	0.0014343405241197093	0.002305009752955971	0.003561849664408977	0.005265648819499104	0.009056145943775793	0.01597523347248274	0.022337052089974153	0.023961324144818205	0.0
40	62	0.13060035730587521	0.009079753426684978	0.0075883844867391855	0.011087013213853629	0.015185151220050031	0.01690519225094113	0.021028094836305775	0.016487219144970894	0.013379991034251547	0.019859557692078034	0.0
41	69	0.19542660275787244	0.012637234979166714	0.01172276747761646	0.016327585144958762	0.01885065039310818	0.0195298768568502	0.025211392802773583	0.031755623660771795	0.029191872188481488	0.030199599254145247	0.0
42	90	0.22076523701338274	0.005918081313101498	0.004580265683771374	0.007589114224811566	0.011781718214263274	0.016866410413362523	0.026693261528517247	0.035382896249207096	0.043438251347652335	0.0685152380386958	0.0
43	31	0.2007171423216742	0.0074158165820655195	0.006109830779378211	0.008065599327284251	0.011124689181486423	0.0139657534174221	0.022848373115483607	0.034224630748331895	0.039275032798676446	0.05768741637154576	0.0
44	22	0.19615999156885	0.007968320554454955	0.0045500833336397034	0.0071210970350928035	0.011837177347481083	0.016328334963604516	0.02665660872437278	0.0319194794845322	0.03209180446301259	0.05768708566265939	0.0
45	23	0.0833064959957082	0.0050752889874328385	0.002645935283153868	0.003822282310307322	0.004900033462290935	0.006461562932801413	0.009288335566410892	0.00981971090892975	0.013253458400221279	0.028039888144159905	0.0
46	24	0.03788067841939491	0.005043760183713098	0.0011484260100840086	0.0016936851567477002	0.002458875563943025	0.004050783913327894	0.006236853170114453	0.006764930123192224	0.0047123236579531625	0.005771040640319344	0.0
47	25	0.14690237432534994	0.005667351136945798	0.004758395564257381	0.006874508017879503	0.009295599929109846	0.011333431926468074	0.01678374149368926	0.02226545849796289	0.02625405362736616	0.043669834131671026	0.0
48	44	0.19196648302235525	0.013295744532881033	0.010666797417002785	0.015235927362736889	0.02091307618084333	0.023953379635458964	0.026597811990024596	0.02392125122027548	0.020114514129558815	0.03726798055357335	0.0
49	92	0.23469952996672683	0.012964493274744873	0.010067478254074762	0.014801138507367185	0.022051928504481958	0.02647775646769448	0.03343589037391769	0.0326499761964822	0.029020023294008677	0.05323084509395504	0.0
50	12	0.23000256907928912	0.01141473001157462	0.008236987350645882	0.009858183789475707	0.011760540558313711	0.013643964880964629	0.020557490681280707	0.03067735581601017	0.03579412581288316	0.08805919017814054	0.0
51	15	0.17735397795270952	0.014001285960395599	0.007931270976543909	0.007625949002866436	0.008334331580781213	0.010541828320882605	0.017886020338165578	0.03423243954688203	0.03898020748712369	0.037820644739068474	0.0
52	40	0.2519766603210777	0.01490506879558998	0.012949063140359294	0.01949044811095164	0.02734789415581186	0.030263598811341642	0.03413429428907397	0.027561520130119137	0.023633288921148486	0.06169148396668166	0.0
53	19	0.14621952773294847	0.017869930816351177	0.010735998023858398	0.013384710113053724	0.0145331989975769	0.0153950896152923	0.019700345755904423	0.015448864884429703	0.013976996740298769	0.025174392786183067	0.0
54	64	0.14640575698274738	0.004157616584071295	0.002541948440448189	0.004734291784514098	0.007830412279761412	0.011189390088293697	0.01797967758161194	0.02252798508086006	0.02233215201567408	0.05311228312751261	0.0
55	41	0.09241976326772297	0.00451353896852966	0.0030231593149466444	0.005323310309137479	0.008276741485578167	0.008995544558097437	0.010249137561118081	0.012834060947513114	0.015558331007479338	0.02364593911532304	0.0
56	53	0.2108858037060089	0.009866634976936055	0.0077098019079588995	0.011407385469304152	0.015905085848787973	0.020744357768420846	0.029390385940902305	0.033126902143691496	0.030588354607268824	0.05214689504273835	0.0
57	13	0.14044257228316961	0.025902787697151312	0.008727288925168672	0.007441572220132912	0.007170128936273636	0.0072279628305673745	0.008828965381155813	0.012230546768138298	0.01830542108369728	0.04460789844088432	0.0
58	23	0.1156006955911516	0.005758533899134932	0.005528278079433906	0.012430170802835698	0.019514568483480002	0.01955438482813616	0.017327453137415957	0.015320242584070304	0.011618062560043791	0.008549001216600844	0.0
59	43	0.09460475604637397	0.005698480146134805	0.0028506066519851272	0.00464862826789409	0.0069208901908188805	0.011009390184290485	0.01831177795380199	0.019319393257265803	0.02175730823439753	0.004088281159785266	0.0
60	11	0.10403405722689027	0.013328570662923409	0.007087941292669504	0.006139916717703047	0.0060227509761256025	0.0066791972549608385	0.009291865488740688	0.012553212877776864	0.017644903010722822	0.0252856989452675	0.0
61	33	0.15606041408202892	0.006013508562812215	0.004965273351458573	0.007522021282218461	0.01018953834767716	0.012517181010270217	0.020960963086024957	0.032186759451276435	0.027335162617042205	0.034370006373248684	0.0
62	42	0.15169119706411996	0.02184387074725537	0.01943858928424597	0.02142128837365396	0.0198780366561396	0.015250986653357433	0.014300808413131	0.012500945024516156	0.012021249848176362	0.015035422063644114	0.0
63	40	0.1089985244201892	0.005772183571642384	0.0029973634537686956	0.004766627226788756	0.006891401324763964	0.00940031882343566	0.014415076671258121	0.020184519259215005	0.019633760811667525	0.024937273277649094	0.0
64	82	0.1717110799790137	0.007886366088322723	0.00589187555135756	0.009303533521259167	0.01348183993811692	0.01742433616726244	0.0262980673985901	0.033963551143584646	0.032014230595656765	0.025447279574863382	0.0
65	5	0.16168945583850097	0.0193676778212582	0.012725313789236144	0.013656646335226882	0.012509081906921165	0.010528440050742029	0.013005012125190316	0.01558853631253731	0.01795351819165196	0.04635522930573696	0.0
66	47	0.142862471979887	0.005577876924766462	0.004778410784001709	0.008222390633172576	0.012307823364393199	0.015523608353473318	0.023649994465237897	0.02540308099002323	0.020819684920952708	0.02657960154386592	0.0
67	35	0.1947094092236571	0.019734889072447123	0.009154318553902148	0.008572777281855817	0.008563957193410469	0.009118682835408003	0.013143199558337704	0.020770005090271465	0.03815272121843905	0.06749885841958532	0.0
68	40	0.14195266805751308	0.009527046926747641	0.0051781973161398745	0.006234799250697703	0.007632107196943804	0.010021970765652775	0.014436943356796354	0.01815492008171017	0.02294967396733067	0.04781700919549409	0.0
69	14	0.06402034799050425	0.005648671819397753	0.0015392118674589597	0.002077370299076974	0.00308448729310711	0.0053546563941621935	0.008877024195486012	0.010582387941478278	0.012112447820945386	0.01474409035939158	0.0
70	89	0.20362749387762036	0.013079022077427012	0.011524990420160164	0.01733843776541082	0.022624126947866537	0.024835069238833773	0.030720098871725637	0.027596612062703495	0.02550330367592224	0.030405832817570665	0.0
71	39	0.08816708717219987	0.005160856079744921	0.0019487777739410194	0.003096872280799372	0.004499982237458062	0.00656638349432607	0.010922451067963607	0.014149052646432188	0.01784813356585426	0.023974578025680364	0.0
72	19	0.22697799815903386	0.005865120344485936	0.0042146287775715234	0.008739237845326936	0.01618313672077229	0.023321721176963357	0.03413143092676983	0.03630921348296452	0.04373910725001193	0.05447440163416755	0.0
73	58	0.17672254093900996	0.008665278090463923	0.006128600174665686	0.00966745052512543	0.013995924358527576	0.0161624268712106	0.022624556144186146	0.028420195679079142	0.028260943468558924	0.04279716562719253	0.0
74	31	0.11209837791817431	0.00776921792469502	0.004653353538931916	0.005535802037348591	0.007365738036359544	0.008820143233903668	0.01262580970154134	0.01576990032573227	0.016835914902362227	0.03272249821729972	0.0
75	37	0.0865355598342503	0.008967227524749266	0.0032685254891848866	0.003368611786233119	0.004022331932632993	0.005520557694777784	0.009010003128170272	0.012788486099288524	0.02099226236161853	0.018597553817594932	0.0
76	17	0.09451064357210504	0.010213051493837326	0.003626448978531282	0.0036277287742589254	0.004561307578776713	0.006262679403663866	0.009022953211093568	0.011103266984528553	0.016922010838781323	0.029171196308633483	0.0
77	7	0.14712945433056776	0.006761015640493359	0.0037189590387227463	0.004880329991062956	0.007421202593195901	0.010567915882561415	0.019246011285748817	0.030923044549767603	0.03236763057363926	0.0312433447753757	0.0
78	52	0.11033468054534123	0.0071178344865278475	0.004046220856189036	0.006043412057446109	0.009289951176629598	0.011614348696244212	0.014018686150100962	0.015472938355401904	0.01587507728393674	0.026856211482864843	0.0
79	27	0.1045717071897205	0.005312599666902449	0.0037115004808549786	0.005458851674608562	0.007748768841566318	0.010564131141788873	0.01617610027499519	0.018151395523259183	0.01815165436438886	0.019296705221356084	0.0
80	43	0.16376317910239	0.013184101981243354	0.011662464136582987	0.01727132711426724	0.0223048725349105	0.021078213331360198	0.02059377668096294	0.01506355434959488	0.01606802769999515	0.02653684127347275	0.0
81	78	0.09470216672796965	0.013396778565548526	0.007498577333017238	0.008209659868006753	0.009129358113483496	0.00944626146196541	0.010768609556885415	0.013598649551774727	0.01703251538367265	0.005621756893615438	0.0
82	17	0.10758272658588511	0.0042959543827352994	0.0017407088818085863	0.0030555365875820366	0.00550645710035132	0.009252620551162494	0.01542742634646976	0.017795446265224647	0.019864627917116514	0.03064394855343444	0.0
83	14	0.11764956821963049	0.0048444495533331786	0.0014049787497515036	0.0022630256109683346	0.0037684827126269428	0.006003075347882709	0.009292581379290062	0.013499352088804453	0.02277729597270704	0.05379632680426626	0.0
84	64	0.14060301264209507	0.007833451656283649	0.005221143063590803	0.009804597407409545	0.01532247290477248	0.021277847570690577	0.03538274183536803	0.024612923702562448	0.012235769168793178	0.008912065332624368	0.0
85	0	0.15787082560151677	0.010880398673873306	0.005900240485159721	0.006833880713935606	0.008540413910935345	0.010487508664564726	0.014375486787023141	0.01915247438524721	0.025731508393435354	0.055968913587342364	0.0
86	73	0.21279723985860516	0.017255583866945548	0.013207100598714357	0.017499848595730345	0.023069015476841148	0.026603348805944546	0.03125218535592184	0.027243728248183594	0.021105747572561284	0.03556068133776251	0.0
87	12	0.052267508402075766	0.006508683224904558	0.00287942501115801	0.003558707275166018	0.004009617714281259	0.004870007652675494	0.006748513836281363	0.006731026611489499	0.007588574180622349	0.009372952895497211	0.0
88	56	0.18251700837169216	0.005816550529088441	0.003983534191602996	0.006561351576163837	0.01099364225257362	0.015597375016921433	0.020324957644655143	0.026611736379802534	0.030459894283489115	0.06216796649739505	0.0
89	12	0.10179602055181128	0.008686520937780523	0.002916169803113443	0.003653791018520096	0.004625034290692457	0.006755200515433499	0.011517003796339931	0.016278813198506548	0.017137561456323246	0.030225925535101533	0.0
90	72	0.17987033035721675	0.011205690136835393	0.010407750048557712	0.01566387225559872	0.023333454968608718	0.026789289053816265	0.02802521954075956	0.021420463040241016	0.017654820850400196	0.025369770462399174	0.0
91	3	0.019590478396491168	0.004770736261802221	0.0006651387814763431	0.0012133349496793028	0.0017733556265025097	0.003154743374748469	0.003800812732928244	0.001498699836522519	0.0009982249884684905	0.001715431844363069	0.0
92	40	0.18325733725618462	0.009291473353699481	0.00970530905211137	0.018726007118722188	0.026419073704759988	0.02440747970843936	0.03068657292447971	0.02562882080383174	0.016857287364673512	0.02153531322546727	0.0
93	31	0.1591408612894564	0.007114880351194152	0.0037611294877861502	0.007576462394487585	0.013483301918530439	0.020459911711512097	0.03184238158536131	0.027764832902462323	0.01814216218195732	0.02899579875616501	0.0
94	36	0.18583096018001952	0.008501347730192975	0.006432226533988654	0.009544346744948445	0.012687492160868907	0.01543263034422027	0.017713155205556212	0.023112403632173276	0.0346026541168959	0.05780470371117488	0.0
95	71	0.2011772491473972	0.013495408938827624	0.011040551062876042	0.015189605074939778	0.01967713565250764	0.021968260453774726	0.02790484265901718	0.03353070515206806	0.029575509713981145	0.028795230439404983	0.0
96	56	0.23154761088250148	0.026930378210573314	0.01579626905182966	0.016342792182795374	0.01884239966548821	0.023110457861141537	0.03331256986585897	0.034386621750839716	0.024692908031233946	0.03813321426274076	0.0
97	70	0.2066879265145839	0.015612277215319003	0.013865936044068494	0.01845001697840243	0.026082849707889218	0.032927742452961276	0.038676785202697524	0.03375478302404402	0.012774804607162866	0.01454273128203903	0.0
98	30	0.0917679325167036	0.004935850084507813	0.0019331256719907776	0.0031355477537447036	0.004396417387747506	0.006081823486542289	0.009202603465422482	0.015128789309591117	0.020031918727568186	0.026921856629588715	0.0
99	12	0.07621643048652925	0.009359179120464299	0.0040767327279926996	0.005765034718103195	0.006835045257530849	0.007796257560787791	0.01045972138685163	0.010870305710722573	0.013679077997449298	0.007375076006626905	0.0
100	34	0.19015214210206421	0.01789262060450291	0.0112387070906502	0.012911269587988251	0.016186930677879293	0.01900409577537921	0.026837441334611384	0.029327215731268494	0.02069245142322167	0.03606140987656278	0.0
101	78	0.19926414715017943	0.011767950545635647	0.00973176237796155	0.014758463838117249	0.01986796660494048	0.023298843944886946	0.025572597044525216	0.023525101730629307	0.022278076836277055	0.04846338422720599	0.0
102	39	0.2533603560257225	0.005745565355866188	0.0034604653599416826	0.00637352399609015	0.010694665854716675	0.015974459600182758	0.029158789206965116	0.04380491222452429	0.051691797611749885	0.08645617681568579	0.0
103	66	0.14661781087451814	0.01089963655765449	0.007200426785345016	0.01000221867937793	0.013307627372300233	0.015254370774217912	0.020884663529625543	0.028993108703080868	0.024507492805586444	0.01556826566732972	0.0
104	67	0.20852192648421405	0.006064809448886557	0.005347908370400816	0.009915715389558148	0.01514451663592489	0.02029187106720324	0.029420848174546398	0.037182874481362684	0.0386391402907331	0.046514242625598216	0.0
105	39	0.20885395796298062	0.006060599572803438	0.003787974851541716	0.005676949832583469	0.007756797702558844	0.011107838818411972	0.0188414890737457	0.029681286033239482	0.03789901178875989	0.08804201028933614	0.0
106	58	0.10364992582641747	0.006286700048781601	0.004340019055557817	0.007490241775309837	0.011545978057909332	0.014937820804795077	0.01864231060767127	0.016260571800590685	0.011284387783128794	0.012861895892673062	0.0
107	55	0.19803216889048997	0.013472612623383756	0.007351347380722385	0.008900303579302406	0.012988303137382595	0.017490518064997948	0.027060011996350768	0.037455032431503416	0.03457020511895979	0.038743834557886894	0.0
108	39	0.21104022321314153	0.01579228560609919	0.008268341944668012	0.009768442419551764	0.013217288905598042	0.017513844883049013	0.026926002140859294	0.03583930950668703	0.04073182984780923	0.04298287795881993	0.0
109	54	0.20712538485536658	0.007596827590184704	0.005030371200753939	0.007958824588560898	0.012080435174386221	0.015540662419673678	0.020834116348727727	0.024741278124116958	0.033230395617833315	0.08011247379112912	0.0
110	26	0.14120582588536149	0.014430089465545793	0.011923568052548888	0.012177430038785013	0.009113897781916373	0.007262196410500938	0.01005865474381767	0.013231589681230784	0.0189116994631965	0.04409670024781953	0.0
111	39	0.12680888666356283	0.006564655345572647	0.002799419793628214	0.003877980017390572	0.0057045564163342825	0.008311281709794826	0.013393094161302872	0.019611733483423315	0.026403361748295433	0.04014280398782067	0.0
112	13	0.1491636665460709	0.009438563361109993	0.00619834658740225	0.007187391946095431	0.009488265593971609	0.013258763501640439	0.021859403599819666	0.02753364509198205	0.025023116688509893	0.02917617017553957	0.0
113	39	0.2375124216181288	0.007728656924335477	0.005590831547461343	0.007584350194554865	0.011069571618744181	0.015498869920319503	0.025694037732184892	0.04198085583399845	0.042404352870229214	0.07996089497630085	0.0
114	36	0.09953959526085174	0.010910815422044983	0.0059691367765557675	0.0067816045529177135	0.008584965936532253	0.010471473513331801	0.01425180209443535	0.01698742756931625	0.016640240820946624	0.008942128574771006	0.0
115	75	0.21886116852218135	0.018103012402945217	0.013776194303461765	0.019073461174154684	0.023343274110676458	0.024388381263822964	0.02863060409432468	0.02550635519329136	0.022531969855613895	0.043507916123890336	0.0
116	53	0.1319895419057947	0.010278772782462166	0.006592738328512272	0.00886251550938682	0.011667296604739254	0.014045710579133067	0.0157803073875939	0.014528872894514586	0.019287482812545984	0.030945845006906655	0.0
117	100	0.21211678774215803	0.010892685285637076	0.010877825538285034	0.017119823319997444	0.024918955156055703	0.0300538457351718	0.037164288745520746	0.03280969351437219	0.021644882256924028	0.026634788190194	0.0
118	19	0.18570733695292718	0.004772133900657281	0.003957800900228504	0.007792084198231771	0.010861249287157773	0.013704095863850652	0.018662498326145024	0.029242597008996365	0.03072844734090692	0.0659864301267529	0.0
119	58	0.14988411895558928	0.006665395291619733	0.005488300426651599	0.009962519371618317	0.013222165663753317	0.015252355911237627	0.018998209500433346	0.02162789817780476	0.022773657977808198	0.03589361663466238	0.0
120	14	0.1005828099568557	0.007564639013800049	0.00518156798558047	0.006021738490248197	0.007907886350521127	0.009572509067788393	0.012254698917657514	0.014298084163940943	0.016928144025457836	0.02085354194186119	0.0
121	49	0.1401240048943118	0.006333906740882481	0.0036061450217752403	0.006068001857599632	0.009069680131631345	0.012695098956320962	0.01772330063304604	0.018161998340062706	0.022666291075574895	0.0437995821374185	0.0
122	68	0.18735435253424282	0.006930886328820439	0.004823377227327417	0.006857232550679616	0.010123797222667241	0.012846008577232787	0.018699219915173666	0.026133445182759146	0.032663278325813956	0.06827710720376856	0.0
123	44	0.13696419066822157	0.0067629849098047624	0.0035973690084221454	0.005413560450598233	0.0082923499671569	0.01144394947867328	0.017057899058962562	0.021051124882597624	0.027205077159846165	0.03613987575215987	0.0
124	50	0.16297571759621493	0.003948142404351041	0.002961357560200685	0.0062755553350583165	0.011275031788723126	0.015985754913371404	0.02449293541035536	0.030196970536192483	0.02434905437070052	0.043490915277262	0.0
125	46	0.15714209417523334	0.008847721178973558	0.007014792481027059	0.010415377589676809	0.013800783811602003	0.01561691057229964	0.022617577635530163	0.02820203876004422	0.022959613756064756	0.027667278390015135	0.0
126	71	0.20363473051955377	0.010996557865864592	0.011950116826920779	0.0183846051976994	0.022433654044384098	0.021366781086878305	0.025635817551061348	0.03162486583526762	0.03340941272401812	0.027832919387459534	0.0
127	36	0.15304414579046463	0.008605017407623863	0.0037552308568406787	0.0047105173501313154	0.006502717159934553	0.00904696592211644	0.015384323121386826	0.022980141529324857	0.030850220219060247	0.05120901222404585	0.0
128	50	0.17389091773524326	0.005132606071706525	0.0033166572297982488	0.005827026483798018	0.00885617766350835	0.01296828857402154	0.023728706018861893	0.03880150444311668	0.037016869305734765	0.038243081944697235	0.0
129	56	0.18610150882286786	0.007330482155314568	0.00712711468019793	0.011442342154087046	0.017027598804320636	0.021190799477932995	0.029557052012439335	0.03507476642850414	0.02637883038058244	0.030972522729488756	0.0
130	39	0.20237967686287595	0.006026681123395649	0.003990467210187412	0.006885600387692706	0.01116726448801775	0.015245891987306335	0.023052037815564128	0.03665530874847348	0.038075235369002966	0.061281189733235514	0.0
131	23	0.11323776795642249	0.007990661626743603	0.005675077917158142	0.007751573694837205	0.010242773595498383	0.01138034180259856	0.014123577416257863	0.01487458158888179	0.016426759142398675	0.024772421172048267	0.0
132	68	0.17082084814823706	0.012414821134361854	0.010274157474194492	0.01391271087023577	0.018739374395160026	0.021806016584521224	0.02591875083324839	0.02796096090699128	0.018772162439266063	0.02102189351025795	0.0
133	45	0.2576716443847057	0.010116444965160693	0.006963608182159336	0.00936816339118258	0.012727378090294238	0.016778008527656225	0.025577577090355116	0.033907538477715556	0.042092760404604294	0.10014016525557765	0.0
134	63	0.15980169022877824	0.01001954850849324	0.009194267359954782	0.012340440737164213	0.016039047897919954	0.01888870409978416	0.024567874170754324	0.024237413441922352	0.017708446294800964	0.026805947717984262	0.0
135	79	0.18643361722390242	0.01012456670252014	0.008885928626616333	0.012477044558808787	0.016072759897429838	0.018355083138434793	0.02483333258987379	0.027511201801616522	0.02526805178922261	0.042905648119379594	0.0
136	37	0.08914612043394868	0.007906310641516687	0.003356411073480942	0.0038724087537655065	0.005232585636021221	0.006833228268835888	0.010687296601500374	0.011875018513215398	0.013824651385801686	0.02555820955981098	0.0
137	36	0.10398657299936268	0.005289317235324132	0.003623938011001326	0.006620533023550482	0.01056995741788409	0.013332164553069212	0.015764190637684698	0.01555583641892705	0.013358289748556126	0.019872345953365574	0.0
138	44	0.167851340527486	0.009691665367820566	0.0058764646688498345	0.007544439938847682	0.010106269537643087	0.013108471096659094	0.020883286953932233	0.03008137490770403	0.03027403102216046	0.040285337033868995	0.0
139	44	0.1800441481149547	0.022620250231134943	0.018166597681156152	0.01797492263318185	0.016967966616731243	0.01682375491528549	0.02053143745045667	0.021117333645466987	0.019197594374584258	0.026644290566957086	0.0
140	62	0.23926847450393723	0.016580843211698955	0.01216796514179188	0.014285085296945096	0.018266546155415345	0.022815032309932266	0.03281584530373889	0.03739284364266611	0.03554209010826015	0.04940222333348855	0.0
141	52	0.2704752141542997	0.010112987927203833	0.007993056831022952	0.014611998752049674	0.024230104597600367	0.03240113475639687	0.04247373525759518	0.046371251109004946	0.03940376394631307	0.05287718097711282	0.0
142	43	0.07206120150051215	0.010639081780748743	0.003610753272765682	0.0036033000458417517	0.004331144786839152	0.0058000819010652505	0.008607401816352951	0.011846035626652887	0.01823337524715447	0.0053900270230912714	0.0
143	49	0.18946080037221602	0.01782306536953019	0.011745020109579726	0.014992811386467832	0.018981385852110164	0.01719712558634913	0.018753038218449255	0.02164837780245781	0.02681059579554443	0.04150938025172746	0.0
144	29	0.1146194078852911	0.005505905840001187	0.00234188360155675	0.003354332498635701	0.004933356826491288	0.007363375761599107	0.012248158849161507	0.017534597976490828	0.026368478257851345	0.034969318273503386	0.0
145	30	0.17826434498392285	0.014311875843657534	0.007613165147533312	0.008364113409747118	0.009198985769673759	0.010350842237639357	0.015526952334567953	0.021627077410296708	0.028674540825158232	0.06259679200564887	0.0
146	76	0.2462325079281052	0.00946158173488241	0.009522695885001403	0.015847645971591613	0.021416327668930656	0.024631521025508932	0.03481788044182209	0.03931343229447524	0.03728339094106703	0.053938031964825814	0.0
147	24	0.1563976088029061	0.005406168873596472	0.004765226902150113	0.009935278483506348	0.016598019991453307	0.02058810543910689	0.025895637254094675	0.02438858919174189	0.020048416305473285	0.028772166361783112	0.0
148	0	0.09893117441063598	0.050241681303004784	0.020495957892715168	0.012805419764565291	0.007579087423176051	0.004145063829374378	0.0018058299316653296	0.0008698575856877972	0.00035324571886141123	0.0006350309615857606	0.0
149	26	0.16101896784096767	0.014121149344557205	0.009323204568965147	0.011784407834554651	0.015055646454972045	0.018656000843978605	0.027743893022466777	0.024804367930903307	0.017180931573156224	0.022349366267413715	0.0
150	12	0.0283350514106507	0.009038084632564605	0.003962153950427487	0.003774689641755525	0.0027418184459960266	0.0022782428594373553	0.0017514818967464749	0.0004961602203513398	0.0009668787943449097	0.003325540969026977	0.0
151	33	0.11788665187844649	0.006193302532859161	0.002161393729515339	0.0034620997563120474	0.00712084939857377	0.0119833444996288	0.01802845302000764	0.020570708712242952	0.024284072241762832	0.024082427987543946	0.0
152	28	0.09011611188468453	0.006561324284667611	0.0048847612272154345	0.006957471219056977	0.009703990682120578	0.010315262436933344	0.013391342246962206	0.014876110296845955	0.016184050075777463	0.0072417994151049575	0.0
153	35	0.1922733544969914	0.005128123064941653	0.0034034107252811996	0.006058897892887978	0.009997788096995475	0.013922576711261639	0.02312982333590194	0.034192180705318154	0.04425505312256876	0.05218550084183457	0.0
154	47	0.21485542852469952	0.005376313314680273	0.004173839579319013	0.00759379811075658	0.013035594415919081	0.018961890014900586	0.029944126095780496	0.03624032661906109	0.03553851477007811	0.06399102560420428	0.0
155	44	0.16955909247323434	0.009188598129703008	0.0065468555125483205	0.009276174749089436	0.013402027304025546	0.016476030012958175	0.022748448894734808	0.025807906863826738	0.027010415419535375	0.03910263558681293	0.0
156	44	0.26349928378059134	0.005564865331472509	0.004733410820680301	0.009217468980694766	0.016935437671260933	0.02299509880883708	0.03601441549476852	0.05873845630261548	0.05797886267368971	0.05132126769657204	0.0
157	11	0.04256056232121626	0.0024407898445696014	0.0004843760540296794	0.0008687420648447792	0.001676560906608668	0.003333756060019793	0.005715790878327132	0.007974038488359377	0.009470920117199837	0.010595587907257387	0.0
158	51	0.12490292413454412	0.017551210526764643	0.00886745950282895	0.009087246803375429	0.010237273075128695	0.011238518877538807	0.015518330423315553	0.02084598134302515	0.01705124447990566	0.014505659102661248	0.0
159	19	0.15888408960647868	0.005805090935259422	0.0024731058772448555	0.003769993159803325	0.005741303411190251	0.008906002211297797	0.01457938637110352	0.02402280028093478	0.035106853768117244	0.0584795535915275	0.0
160	63	0.12319673910781884	0.013402916534619943	0.0057056526657791136	0.006589141161644604	0.009633178242188824	0.01055330522934211	0.011258017064926955	0.01595399749983365	0.023005741172131312	0.027094789537352316	0.0
161	65	0.17929930631156532	0.028172962526329615	0.016263764967672623	0.014053868946645717	0.011981608415924468	0.011732944670521783	0.015817803071096696	0.018456985569808848	0.021220840573409665	0.041598527570155905	0.0
162	45	0.14185976794635233	0.023321692421609537	0.015054528595300917	0.016573320775839607	0.017296922662749403	0.015988527072598617	0.016072988241721434	0.01327825988032302	0.009991080590323762	0.01428244770588602	0.0
163	82	0.3375874044936631	0.014063881249112894	0.009766268532756084	0.013467097930022383	0.018903260611437735	0.024581768242848502	0.03602809136058023	0.049332221799841924	0.05873699883799917	0.11270781592906412	0.0
164	75	0.17200882744281293	0.0076557971426506645	0.009429890477914624	0.017357022331489787	0.026749996029102014	0.027308295315781092	0.028012424269252587	0.022548261310989456	0.014777650696517606	0.01816948986911511	0.0
165	24	0.15478478681156663	0.008638395498669954	0.005071700119772572	0.0071025113835984826	0.010700161347445275	0.015245027178875775	0.02047772964329425	0.021474417225244444	0.023669326968483867	0.04240551744618202	0.0
166	16	0.2181920502211041	0.005386884160337399	0.0031938058104557417	0.004799470651611479	0.007749501852396982	0.01141516198146839	0.02017591370052454	0.03343462120032799	0.05546573173881046	0.07657095912517116	0.0
167	59	0.21180182607731243	0.012155468325466295	0.011028705029128396	0.01569404557732041	0.02167555233577819	0.023301686662431473	0.027646269804968565	0.03301572265304002	0.02608723115858854	0.04119714453059055	0.0
168	64	0.18253167207089332	0.006472472184589174	0.006106979640118502	0.011254154926811318	0.01673944905090107	0.022187896390548627	0.028627880763719596	0.02794732638936919	0.024173582151756412	0.03902193057307944	0.0
169	21	0.17419548157205025	0.010565233683197233	0.007599468598597913	0.00953708175291023	0.01191511496218171	0.013896641669569831	0.021373800084697556	0.02881743181486373	0.029054917547215772	0.041435791458816255	0.0
170	23	0.11216088627793364	0.011097376772616007	0.004831746682795564	0.004486011886082272	0.005030046898547875	0.007264810276442958	0.012717604334717856	0.020316785690485756	0.02872633020027629	0.017690173535969057	0.0
171	49	0.15658259184194237	0.01113465247052653	0.011954617086956054	0.018045491935024926	0.019876125566762673	0.016290315112751207	0.017993821988316984	0.019626616184813678	0.020001590116477338	0.021659361380312988	0.0
172	66	0.17649346702180538	0.009154799753447216	0.0076569657130584525	0.01125832796442211	0.016301357155548615	0.019959637062284836	0.028247433510184126	0.028478885698182237	0.020182455840827646	0.03525360432385015	0.0
173	27	0.20958316481479244	0.006220623958559327	0.004609131637112028	0.00833430938042199	0.013209974227683368	0.01688824582752048	0.02751718512801036	0.042200932084376676	0.038203894778494354	0.05239886779261391	0.0
174	29	0.1436310415312299	0.026538588130432306	0.014636454837767019	0.014082298153130026	0.013546297579672616	0.01234708883770002	0.01372325237276767	0.0143896202886021	0.017047827538183794	0.017319613792974357	0.0
175	32	0.20392494033999697	0.005765308311870945	0.004219002153258952	0.0070502487162296314	0.011490531361561767	0.016248374847730885	0.023643113449477192	0.03057713083283671	0.03455600910459857	0.07037522156243234	0.0
176	33	0.1727528954842374	0.010475235777181634	0.005869902208881278	0.006956948569876456	0.008882800552063665	0.0127036398831335	0.020693829387156387	0.02793103476311877	0.030825284922640056	0.04841421942018566	0.0
177	67	0.18144222421648684	0.009322135190464442	0.007204593135931912	0.010785804931816259	0.014841615950515828	0.01698765100443496	0.021973673601427268	0.02318945521508856	0.02722801689790328	0.049909278288904346	0.0
178	9	0.13479486767412502	0.009591385686614945	0.005400199390476859	0.0062961887888714485	0.0075547946009974125	0.008718567540840145	0.013119071440531895	0.02221316179308199	0.028215410152710813	0.03368608827999954	0.0
179	15	0.1750388359315329	0.009047959158155533	0.003425342050593339	0.004388072070914301	0.006570855522770492	0.011070897451748623	0.020383298018413012	0.03959174154528869	0.041924541026945296	0.03863612908670362	0.0
180	11	0.2052085813594644	0.008572709019598381	0.0049298572984515674	0.006250774464319906	0.00805687382031664	0.011263193060618662	0.021388452930262897	0.03645399708701625	0.037596134439386864	0.07069658923949321	0.0
181	75	0.1417432607861589	0.007565684847388843	0.007527563627977789	0.011454949674768289	0.014893043717827667	0.016015332344369082	0.01738959495257135	0.017505792438297155	0.02149506245665422	0.027896236726304507	0.0
182	10	0.10910394678454578	0.003455634769849632	0.001336468386043108	0.002311593562524261	0.003550530249769099	0.005893602194168273	0.010995360096430179	0.01722343819403838	0.024309656744625305	0.04002766258709755	0.0
183	45	0.1430225686874385	0.006536718373204915	0.005021336063275691	0.008695581100687131	0.012972488587074251	0.01648619016224103	0.025272216457373445	0.02867541231187922	0.020474475611388362	0.01888815002031445	0.0
184	86	0.17792374859512536	0.013448534749050757	0.010023586740456768	0.013239682964756052	0.017335641781679616	0.01878899905638287	0.02307270283810879	0.027747545122901972	0.025329939174812036	0.028937116166976487	0.0
185	59	0.22971462938973125	0.015463782853883792	0.01194547117562365	0.015661077358706636	0.019091686785891716	0.020552308030974742	0.029194200155463597	0.03461132051372222	0.034537456411838446	0.04865732610362643	0.0
186	87	0.19957794594616507	0.03473660409910703	0.018316113279694735	0.017368499691327966	0.021029568522202828	0.020241456587607027	0.024163303897881884	0.023260002307772424	0.02113035551072283	0.019332042049848355	0.0
187	26	0.15778015329543416	0.004517955463340026	0.003335474165789958	0.005833310231089919	0.008759993488578303	0.012737966785710805	0.021836192463898833	0.03127491752325902	0.030291757661207244	0.03919258551256004	0.0
188	19	0.08648337581052278	0.010064715601604494	0.004732755878414527	0.005221492281014315	0.006606694577945478	0.008077792834215872	0.00987547081113776	0.009932759143934123	0.011942457003970952	0.020029237678285246	0.0
189	36	0.1802885266101961	0.0056924524958218295	0.003931046861648734	0.008165586061275747	0.01600955191921562	0.023792050078072224	0.03379302742677672	0.0317720329403971	0.02202886755077897	0.03510391127620915	0.0
190	81	0.13107531101086886	0.010372260596984494	0.0074521473606413945	0.00948115927872171	0.011041705193959417	0.01205076336033897	0.014079039715981775	0.014306294478358695	0.02143623408738536	0.030855706938497034	0.0
191	45	0.20182654568213343	0.005571004922281803	0.005491445871639987	0.008604709740512036	0.01374141269548736	0.01834312635084407	0.02782285388783423	0.034346240420615015	0.03606303899252532	0.05184271280039361	0.0
192	46	0.09953895906083979	0.006636905400595479	0.004233872219248659	0.006321436085188956	0.008241539572591583	0.009093940033710432	0.010854990688596267	0.011601687561174318	0.011840798272989613	0.030713789226744483	0.0
193	40	0.1126301895695292	0.017145257642690523	0.006915133079945577	0.0063729537915959535	0.007031423717774057	0.008311267063660213	0.011658607351977376	0.014384980894607956	0.014643319028500013	0.026167246998777524	0.0
194	24	0.11700463186596902	0.03225902411766134	0.019855787040779387	0.017728272781520782	0.014073691128139828	0.009720426116609575	0.008143410496988213	0.004583037585460113	0.0037190067042864425	0.006921975894523345	0.0
195	19	0.1021477356220862	0.00710564824300762	0.00467162281992674	0.006416664783070144	0.008487891543710779	0.009750251811981143	0.012816947116520419	0.014034698169970602	0.014927991391071253	0.023936019742827497	0.0
196	22	0.08826255204833426	0.0036988709997382825	0.004296659410212828	0.007609917258021395	0.010490591279694633	0.010423126211775059	0.012366850660503536	0.014544041257924262	0.011675890876910068	0.013156604093554191	0.0
197	46	0.11324224584985165	0.0038837886462685864	0.002027495172697705	0.003250047199162617	0.005503488142833602	0.008231986030149819	0.013907528603269177	0.01873076224204158	0.01912173200905329	0.03858541780437527	0.0
198	32	0.10933071985598755	0.006068760192819468	0.0025887641124546076	0.003782062290351819	0.005642012753310871	0.008514405525323602	0.013505514236660163	0.016516522340796473	0.02065176749546204	0.03206091090880851	0.0
199	67	0.21559306883348078	0.020991791602384492	0.012511002509262039	0.014803441589655263	0.01905365369046247	0.020307384468254752	0.027140565874476753	0.03170694854247336	0.03285321539798648	0.03622506515852521	0.0
